4,157,200,37,44,1.35,42,24,11,2,6,2,100
4,184,247,38,55,1.58,46,21,15,3,0,2,91
2,111,88,16,27,0.87,46,19,15,3,1,3,90
2,107,55,15,35,1.08,25,19,15,3,1,2,91
2,98,81,17,36,0.82,19,19,15,3,2,2,88
1,73,49,10,34,0.94,20,20,13,3,3,2,85
3,125,107,21,36,1.23,34,19,9,0,2,2,80
2,113,85,24,39,0.95,34,19,9,0,0,3,83
2,81,119,25,49,1.1,30,21,9,2,0,3,78
3,128,153,16,45,1.35,36,22,10,0,4,2,83
3,135,172,22,43,0.95,33,23,11,2,2,3,83
4,199,252,28,52,1.78,28,20,16,3,1,2,85
5,210,212,20,43,1.62,28,18,13,3,3,3,88
3,70,36,15,23,0.79,33,15,9,2,1,3,85
1,81,51,24,27,0.86,31,15,9,1,1,3,85
1,65,85,23,35,0.85,26,15,8,1,1,2,88
1,75,98,25,36,0.97,27,17,10,1,2,3,85
2,113,159,24,38,1.07,29,18,5,0,6,2,83
2,108,260,27,42,0.91,32,18,7,2,2,2,84
2,89,200,20,36,0.8,34,15,3,0,2,3,89
2,91,184,22,36,0.78,28,16,3,0,0,2,91
2,95,149,30,44,1.09,31,17,2,0,2,3,53
3,134,181,40,53,1.29,26,18,3,2,7,2,50
3,142,192,31,57,1.39,29,18,8,2,0,3,55
3,177,251,49,70,1.92,25,19,7,0,2,2,60
5,225,264,35,53,1.93,26,19,9,1,2,3,78
5,194,187,31,45,1.7,22,13,9,3,2,2,65
4,96,47,16,24,1.05,33,14,4,0,3,4,55
1,71,200,20,24,0.77,37,15,2,2,0,3,86
2,98,238,22,38,1.32,26,8,2,0,2,2,65
2,65,96,28,28,0.74,32,10,-2,0,2,3,74
1,49,82,27,28,0.67,34,12,-3,0,3,3,56
1,50,89,25,33,0.74,37,15,0,2,6,3,47
1,48,80,28,26,0.64,35,13,1,0,3,2,50
2,114,153,53,43,1.46,30,17,1,0,0,3,50
3,155,194,38,46,1.47,32,17,4,2,7,2,55
4,174,208,34,43,1.55,33,16,5,0,3,2,55
5,353,378,46,61,3.07,34,17,5,2,0,3,49
5,362,340,44,48,2.66,36,13,4,2,2,2,72
5,354,359,47,61,2.99,27,15,2,2,0,3,67
5,327,309,35,60,3.3,37,13,3,2,7,2,83
5,212,171,28,47,2.53,32,10,4,2,3,2,91
5,191,125,30,34,1.99,23,9,-2,2,3,3,92
3,112,129,31,46,1.5,21,10,0,0,4,2,71
2,107,148,38,44,1.43,21,12,-1,2,0,2,60
3,132,183,48,49,1.71,25,11,-1,2,3,2,45
4,191,245,43,70,2.26,23,13,0,2,2,2,46
4,198,243,51,69,2.28,26,12,4,3,1,3,64
4,184,190,47,39,1.67,29,12,4,3,1,2,63
3,80,37,28,34,1.24,22,6,3,1,1,3,59
1,65,38,19,26,0.86,23,8,1,2,2,2,77
2,181,217,40,43,1.68,24,7,-2,2,3,2,81
5,220,226,74,49,1.83,30,6,-4,0,2,3,80
5,219,188,55,47,1.78,30,5,-4,0,1,2,76
4,153,167,67,54,1.58,24,6,-6,0,1,3,77
3,115,139,41,52,1.53,24,8,-5,2,1,2,58
3,150,184,39,55,1.93,26,8,-3,2,1,2,66
4,202,238,45,49,1.91,28,9,-3,2,2,3,64
5,277,321,70,67,2.78,22,5,0,2,3,2,64
5,210,211,41,37,1.73,22,3,-6,0,3,3,66
2,51,83,20,26,0.79,26,6,-6,2,4,3,58
1,94,140,36,36,1.31,26,7,-7,0,3,2,44
2,112,142,39,40,1.57,28,12,-2,0,7,3,46
2,103,139,36,38,1.47,30,11,-1,0,2,2,47
1,65,38,27,26,0.84,26,13,-1,0,2,2,40
2,125,157,27,43,1.46,26,16,0,2,0,2,34
4,169,218,47,58,2.15,22,15,2,2,3,2,39
3,154,183,46,42,1.49,20,10,0,0,3,2,47
5,202,252,50,49,2.53,19,14,0,0,7,2,41
4,195,228,55,56,2.42,24,14,3,2,2,3,56
4,173,186,36,57,1.84,24,14,3,3,7,3,60
2,110,70,19,37,1.32,25,7,4,3,3,2,55
3,152,96,21,30,1.64,31,7,-1,2,1,3,96
1,73,57,18,27,0.92,21,9,-4,2,1,3,93
2,91,104,18,36,1.27,22,7,2,3,0,2,83
3,115,118,22,42,1.38,16,10,1,1,2,2,69
3,149,134,21,34,1.32,28,10,0,1,1,2,76
5,217,180,30,35,1.98,22,7,-2,0,7,3,77
3,126,102,24,39,1.53,21,8,-3,0,0,3,76
3,122,131,32,44,1.27,23,10,-2,2,0,3,85
3,120,131,32,46,1.32,29,13,0,0,2,2,66
5,213,207,29,41,1.73,28,9,-2,0,3,2,81
5,353,375,50,49,2.51,25,9,-1,2,0,3,60
5,292,257,37,45,2.4,31,7,-3,2,4,2,34
2,92,151,29,28,0.88,30,9,-3,0,2,3,41
1,74,117,28,36,0.93,27,10,-5,0,0,2,64
1,69,97,38,38,0.97,29,14,-1,0,0,2,42
3,126,163,29,31,1.06,51,19,4,2,7,2,51
5,304,332,44,48,2.66,36,13,5,2,4,3,48
2,86,30,22,25,0.86,36,11,4,2,0,2,37
2,78,99,24,37,1.05,26,10,2,2,0,3,56
4,163,168,24,36,1.51,30,15,1,2,2,2,65
3,122,106,18,27,1.25,34,12,5,3,0,2,68
4,181,243,30,32,1.95,44,20,4,0,7,3,73
4,173,197,28,30,1.93,38,21,7,2,7,3,87
5,261,329,17,20,2.35,33,21,8,2,3,2,85
4,199,265,14,30,2.78,31,18,8,2,3,2,84
2,91,88,12,20,1.57,38,18,8,2,0,2,84
0,27,36,16,15,0.38,35,9,0,2,0,2,94
0,31,20,17,19,0.64,41,4,1,4,0,4,58
0,12,14,16,16,0.45,45,3,0,4,2,4,93
1,39,49,16,15,0.61,37,2,0,4,1,3,92
2,81,87,20,15,0.8,28,1,-5,2,1,2,96
1,71,73,18,14,0.73,27,1,-1,1,1,2,77
1,42,44,17,14,0.41,35,1,-4,2,2,3,97
1,65,70,19,20,0.65,36,2,-5,2,1,3,84
1,56,57,16,19,0.57,39,1,-6,2,1,2,65
1,70,36,13,18,0.83,43,3,-2,3,2,2,68
3,134,115,15,27,1.24,36,6,-3,2,3,3,87
3,142,132,19,33,1.47,29,8,-2,2,1,3,66
2,87,73,15,28,1.07,19,6,2,3,0,2,88
1,46,40,9,19,0.73,21,6,3,3,2,2,92
1,44,43,12,18,0.59,39,5,0,3,1,2,96
1,58,46,13,21,0.69,33,6,-2,0,3,2,72
1,73,80,17,30,0.98,28,10,-2,0,2,2,83
2,94,115,27,27,0.97,41,11,0,0,0,3,96
4,158,160,33,31,1.4,32,13,4,2,0,2,66
2,103,117,27,31,1.2,30,15,5,2,0,2,74
3,124,116,28,29,1.34,25,13,7,3,0,3,71
1,53,25,12,28,1.02,25,10,8,3,0,3,77
1,49,48,14,24,0.85,29,12,8,1,2,3,70
2,76,86,17,28,1.14,23,13,9,3,7,2,98
0,34,22,14,19,0.98,27,11,8,4,1,2,96
1,48,46,12,21,0.63,28,8,5,3,1,2,96
2,97,114,26,27,0.95,30,12,2,2,2,3,95
2,85,108,28,28,0.94,34,11,4,2,1,2,88
1,53,81,17,25,0.73,40,13,6,1,0,2,61
2,78,87,18,27,0.81,35,14,6,0,0,3,72
1,48,67,20,25,0.7,39,11,2,2,0,3,71
1,63,80,26,32,0.9,34,11,2,2,0,3,67
1,57,78,17,29,0.74,28,9,4,3,0,3,69
2,86,112,19,34,0.96,31,15,1,2,2,2,73
2,87,122,24,38,1.03,45,16,3,2,2,2,63
2,92,127,27,32,0.97,42,16,5,0,7,2,72
1,71,77,15,24,0.91,29,15,9,3,7,3,65
1,63,88,22,25,0.69,33,13,5,2,3,4,53
1,66,105,22,34,0.76,34,17,3,2,4,4,94
2,74,122,21,39,0.82,35,21,4,2,0,2,57
1,72,116,31,33,0.79,42,23,6,2,7,2,83
1,65,106,24,28,0.93,37,25,12,0,7,2,83
3,113,232,24,42,1.45,46,26,13,2,7,2,92
2,86,175,13,21,0.72,36,20,10,3,1,2,57
2,89,116,23,28,0.92,33,14,8,2,2,4,75
1,69,106,21,39,0.77,34,16,3,0,4,4,100
1,73,110,23,42,0.89,35,19,4,0,0,3,53
2,76,126,26,50,1.04,32,20,6,1,7,2,65
1,60,55,29,30,1.03,27,20,12,3,6,3,63
1,59,52,8,28,1.07,28,20,14,3,7,2,63
1,74,92,14,37,1.36,30,24,11,2,2,2,60
2,94,126,19,34,1.2,36,26,14,2,0,2,65
2,77,95,13,26,0.96,37,25,15,3,0,3,62
3,116,135,15,32,1.25,25,23,16,1,7,3,62
3,114,123,19,31,1.31,39,21,12,2,2,4,65
3,117,128,17,33,1.26,28,18,11,2,1,2,60
2,88,111,31,36,1.05,42,19,11,2,1,2,62
2,77,101,21,37,1.02,39,22,10,2,2,2,75
1,72,97,16,22,0.81,44,22,11,2,1,2,75
1,70,96,16,30,0.71,44,20,9,2,7,2,70
1,72,113,15,32,0.78,47,22,10,0,2,2,72
1,29,72,16,30,0.57,32,19,9,2,0,2,72
1,60,101,24,36,0.79,28,20,11,3,0,3,75
2,90,119,11,38,1.09,30,22,13,2,2,2,73
2,87,126,17,42,1.21,38,25,13,2,2,2,74
2,74,117,23,38,1.15,45,26,14,2,0,2,76
2,104,99,15,50,1.46,24,19,15,3,0,2,66
1,52,34,9,24,0.75,28,19,15,3,2,3,74
0,32,27,6,17,0.45,38,20,13,2,2,3,75
1,66,92,22,23,0.82,56,23,12,2,2,2,76
2,90,96,16,30,0.81,41,20,14,1,0,2,82
1,72,56,9,19,0.77,30,17,14,4,2,3,86
1,71,60,7,17,0.77,32,19,15,7,3,3,83
2,87,80,10,23,0.87,24,21,16,7,1,2,83
1,39,30,8,16,0.5,41,17,12,3,1,3,85
1,55,56,9,18,0.58,36,18,12,1,2,4,90
2,78,60,14,27,0.93,21,17,13,3,6,3,88
1,73,68,13,23,0.85,45,20,13,1,1,2,85
1,63,80,18,33,0.92,37,22,12,2,0,2,88
1,62,99,22,31,0.9,43,23,13,2,2,3,85
1,47,56,12,23,0.77,23,21,16,4,0,2,78
1,53,44,8,13,0.75,20,21,16,3,5,4,58
1,50,50,8,14,0.62,25,20,15,1,3,3,78
1,44,60,13,20,0.58,42,22,13,2,3,3,76
1,57,99,18,31,0.83,39,25,13,2,2,3,80
1,55,84,15,28,0.81,40,26,13,2,0,2,82
1,62,113,15,32,0.86,44,29,14,0,2,2,91
2,62,205,17,27,0.62,28,25,19,3,7,3,61
2,61,174,21,29,0.81,33,27,15,2,4,3,54
2,79,134,15,23,0.86,31,25,17,1,7,2,61
1,47,110,19,27,0.73,36,26,14,2,0,2,66
1,56,110,22,34,0.89,49,25,16,1,1,2,62
1,56,109,15,27,0.69,49,28,17,2,0,2,60
2,100,175,20,36,1.12,50,28,19,2,0,2,82
1,72,128,23,25,0.95,56,28,19,2,0,2,66
1,62,87,13,21,0.75,29,28,19,2,0,2,53
1,49,58,10,17,0.88,35,28,19,2,0,2,50
1,52,93,11,28,0.76,36,18,14,0,0,2,61
1,63,125,18,31,1,38,27,17,0,7,2,91
1,64,94,10,20,0.82,35,28,22,0,5,2,63
1,42,106,16,21,0.56,39,30,22,4,5,2,70
2,67,159,20,37,0.94,38,26,17,1,1,2,78
1,60,117,10,26,0.72,30,26,17,2,7,2,51
2,109,159,17,29,1.1,39,28,21,3,1,2,61
2,88,102,13,26,0.99,27,29,20,2,7,2,79
2,95,137,15,27,0.97,43,31,20,2,1,2,76
3,151,214,27,35,1.32,52,28,17,0,1,2,74
2,81,147,23,26,0.91,56,26,16,2,1,2,81
1,41,78,19,21,0.62,40,30,21,1,1,2,71
1,41,72,17,24,0.74,29,27,20,1,3,2,58
1,54,97,11,24,0.82,46,28,18,2,1,2,79
3,107,308,16,29,0.68,49,30,20,2,0,2,64
2,75,205,17,28,0.59,55,28,22,1,1,2,79
2,98,231,25,39,0.92,58,26,20,3,3,2,46
3,127,288,27,39,1.04,42,26,22,1,1,2,52
2,98,230,25,38,1.01,55,24,21,5,1,2,46
1,99,89,27,27,0.93,36,28,20,1,1,2,59
1,40,74,17,22,0.9,38,30,22,2,0,2,50
1,46,46,13,16,0.58,56,27,20,2,3,3,78
1,65,84,22,19,0.62,65,28,19,2,3,3,79
2,76,117,18,26,0.83,70,29,19,2,2,3,95
2,102,157,22,33,1.03,76,30,20,2,7,2,63
3,138,197,29,29,1.42,83,31,22,2,0,2,66
4,197,292,26,25,1.62,63,32,23,2,4,2,68
4,163,226,25,24,1.47,66,32,22,2,7,2,73
2,104,158,26,21,1.08,59,32,22,2,7,2,67
2,76,120,28,24,0.91,68,32,21,0,1,2,72
2,83,117,26,26,0.99,66,32,22,2,0,2,70
2,87,123,23,22,0.85,63,31,22,2,1,2,63
2,98,157,33,33,1,68,33,23,0,5,2,64
3,116,207,35,38,1.27,55,33,25,2,2,2,63
5,265,253,18,23,1.73,47,30,23,3,1,3,63
2,109,85,13,20,1.26,29,24,22,3,2,2,60
2,77,74,8,14,0.84,45,28,21,3,1,2,93
2,97,128,13,20,1.26,44,30,20,2,1,2,96
3,115,144,22,19,1.47,57,32,23,2,0,2,87
2,98,107,22,20,1.22,55,29,25,3,1,2,83
1,68,64,16,16,0.75,38,29,23,3,2,2,82
1,63,88,11,20,1,39,28,22,1,0,2,79
1,68,101,16,26,0.98,47,30,22,2,1,2,81
1,53,92,22,21,0.8,50,31,22,2,7,3,87
1,32,50,20,19,0.67,44,26,23,3,5,2,73
1,34,43,22,20,1.27,27,24,21,3,1,2,68
1,43,61,15,18,0.88,32,28,22,3,2,2,91
1,70,102,8,24,1,43,31,21,2,3,2,98
3,123,169,11,30,1.44,38,30,23,2,0,2,88
1,72,86,16,27,1.27,47,30,23,1,5,2,80
1,59,103,10,25,0.92,36,27,23,3,6,2,81
1,52,88,9,19,0.99,30,27,21,3,0,2,87
1,42,82,7,21,0.89,36,32,21,2,4,2,90
2,96,122,11,21,1.3,39,27,24,3,0,3,79
0,14,42,8,15,0.72,39,24,21,3,1,3,90
1,31,49,6,18,0.65,35,29,20,2,3,2,93
1,61,97,9,26,1.03,44,31,22,2,2,2,81
2,83,119,11,23,1.03,51,31,22,2,2,2,78
1,72,100,9,21,0.88,39,31,23,2,1,2,77
2,79,143,9,30,1.02,48,33,25,2,4,2,78
3,121,190,29,32,1.26,49,33,25,1,3,2,74
1,37,68,12,27,0.69,37,28,23,5,4,2,74
1,38,47,10,28,0.6,36,27,21,2,2,2,92
1,37,64,11,30,0.72,36,31,21,2,6,2,84
1,42,69,11,27,0.62,37,30,23,1,6,2,82
0,20,30,9,21,0.49,16,30,24,7,6,2,81
0,20,47,9,22,0.57,14,29,24,2,6,2,87
2,81,147,14,30,1.42,36,33,25,2,6,2,86
2,110,155,11,24,1.54,45,33,25,2,7,2,84
1,57,115,9,20,1.01,36,35,27,2,5,2,86
1,64,123,9,20,0.96,42,36,27,0,2,2,70
1,67,130,11,16,1.02,46,37,28,2,7,2,72
1,65,121,13,16,1.13,45,36,28,0,0,2,72
1,41,70,11,11,0.82,40,33,28,4,1,2,86
1,67,83,9,10,0.8,32,29,25,3,3,4,69
1,60,99,9,14,0.63,34,31,23,2,4,4,83
1,70,104,10,15,1.06,36,29,25,7,7,2,77
1,65,106,11,16,1.29,39,32,24,2,0,2,86
2,83,128,13,19,1.2,47,34,25,2,7,2,84
2,88,117,12,17,1.21,44,36,26,2,7,2,73
1,66,103,12,16,1.02,36,34,27,3,2,2,78
0,24,50,7,14,0.62,33,34,25,2,1,2,82
0,26,54,7,15,0.49,52,33,25,2,1,3,80
1,41,78,7,16,0.58,58,34,26,2,4,3,76
2,75,130,11,26,0.84,61,35,27,2,0,2,86
2,91,163,14,25,1.16,55,36,28,7,0,2,77
1,43,91,9,14,0.84,49,34,28,7,0,2,77
1,37,64,9,10,0.77,35,32,26,4,1,2,85
1,37,75,14,15,0.93,44,29,24,1,2,2,92
1,39,53,9,10,0.68,25,27,23,3,2,3,92
1,59,75,10,12,0.79,24,28,23,1,1,2,89
2,86,112,11,15,1.08,23,26,23,1,2,2,87
2,89,118,14,15,1.19,28,26,22,3,1,2,87
0,29,29,13,9,0.75,44,25,21,3,0,2,86
1,40,55,13,13,0.74,38,25,21,3,2,2,93
1,54,89,13,24,1.08,42,29,21,2,6,2,83
1,66,99,15,24,1.19,41,29,21,3,0,2,89
0,33,46,12,15,0.67,45,28,22,2,0,2,85
1,42,66,14,21,0.95,37,26,21,3,1,3,86
1,45,69,13,16,0.7,40,29,20,1,3,2,79
1,49,78,15,17,0.83,37,30,21,2,0,2,83
1,60,106,17,23,1.04,43,30,21,2,7,2,74
1,63,104,16,27,1.05,44,33,23,2,0,2,82
1,71,121,14,21,1.1,48,31,24,1,0,2,91
1,47,73,13,14,0.97,34,28,24,4,6,2,76
1,53,75,12,15,0.9,38,31,22,2,3,2,76
2,100,142,15,23,1.51,33,31,23,1,0,2,83
1,53,58,11,14,1.02,37,25,21,7,0,2,91
2,75,95,12,14,1.32,24,24,20,3,0,2,92
1,52,60,10,14,1.03,25,27,22,3,1,2,88
1,51,78,9,16,1.14,34,29,22,2,2,2,85
1,46,70,12,13,1.02,27,27,22,5,0,2,85
0,27,39,8,8,0.54,27,27,22,5,3,2,93
0,24,40,12,14,0.69,20,25,22,4,0,2,92
1,36,53,8,12,0.67,34,27,21,3,3,2,94
1,43,66,10,19,0.75,36,29,19,2,4,3,85
2,85,150,16,30,1.19,36,29,20,2,0,2,78
3,121,159,15,22,1.27,49,30,22,3,0,2,86
2,92,139,19,26,1.15,45,30,23,1,0,2,82
2,81,116,14,22,1.07,29,30,24,7,7,2,94
2,86,106,15,14,1.26,34,29,23,3,0,2,92
1,59,69,14,17,0.94,23,27,23,3,1,2,81
1,50,78,13,19,0.83,23,26,22,3,1,2,91
0,27,42,13,15,0.59,25,27,21,3,0,4,84
0,24,34,13,14,0.54,24,24,19,3,2,3,91
1,35,60,11,17,0.75,26,26,21,3,3,3,95
1,35,61,11,16,0.7,23,28,22,1,1,2,88
1,43,72,13,17,0.75,31,27,21,2,1,3,81
1,50,92,16,21,0.85,23,28,22,3,3,4,95
0,17,26,14,15,0.51,26,23,20,4,1,2,86
1,32,47,10,16,0.71,30,23,18,1,1,3,80
1,45,81,14,27,0.89,31,26,16,0,3,2,77
1,39,71,14,21,0.75,32,28,17,0,0,2,83
0,22,49,14,16,0.46,38,27,18,2,1,2,90
1,29,54,13,12,0.5,36,26,20,3,1,4,86
1,63,110,16,20,0.88,36,28,19,1,4,3,72
2,96,157,20,33,1.37,30,28,19,2,2,2,76
2,94,150,23,28,1.35,35,28,20,2,0,2,80
3,117,173,24,31,1.66,23,30,22,3,0,2,88
2,95,124,25,22,1.18,33,31,22,3,1,2,84
0,21,30,14,13,0.78,27,26,21,3,3,3,92
1,33,45,17,14,0.87,29,23,19,2,1,3,79
1,33,76,14,27,0.77,24,24,15,2,1,3,94
1,46,88,14,24,0.86,34,26,18,2,5,2,73
2,77,141,15,31,1.33,37,26,16,2,5,2,79
1,45,93,18,30,0.9,30,26,15,0,0,2,74
1,45,112,15,29,0.83,40,26,15,2,6,2,63
2,85,125,19,22,1.02,51,24,14,0,1,2,68
1,54,104,21,33,1,40,24,13,2,1,2,62
1,61,112,17,37,1.06,37,25,13,0,2,2,82
1,62,117,16,31,1.04,38,25,14,0,0,2,94
1,50,84,14,25,0.77,40,25,15,0,0,2,73
1,46,91,16,22,0.81,39,26,16,2,1,2,72
1,65,127,12,20,0.84,38,26,17,2,2,2,74
1,54,102,14,20,0.65,25,21,14,2,2,3,73
3,138,196,19,35,1.08,32,21,10,0,3,3,73
2,90,158,14,38,1.05,31,24,11,0,4,2,77
2,112,203,22,45,1.29,18,24,14,2,3,2,80
3,137,240,35,41,1.61,25,24,16,2,0,2,85
3,141,228,26,42,1.44,34,26,14,2,0,3,68
2,82,160,19,38,1.03,32,26,17,2,7,2,63
5,219,335,14,44,1.74,35,30,19,1,3,2,76
1,59,33,12,13,0.85,26,23,17,3,3,2,64
1,64,93,11,20,0.84,26,24,12,0,3,4,80
2,86,140,14,31,1.26,20,24,12,2,1,2,90
2,72,139,16,32,1.13,26,27,12,0,0,2,90
1,64,131,14,35,0.97,26,27,13,0,7,2,100
2,78,150,15,37,1.13,29,28,14,0,7,2,64
2,76,133,12,21,0.91,35,24,16,2,1,2,65
1,40,110,15,24,0.8,20,21,12,1,1,5,70
1,48,79,13,23,0.91,17,16,14,3,0,3,80
1,42,86,14,25,0.92,19,19,15,3,2,3,87
1,46,88,16,27,0.97,17,19,15,3,3,2,89
3,150,126,19,16,1.17,20,18,13,0,3,2,90
2,74,74,16,15,0.84,21,16,12,0,3,2,92
1,44,108,18,25,0.79,17,16,4,0,3,2,80
1,62,134,29,35,1.11,15,18,5,2,7,2,66
1,69,115,26,30,1.15,18,18,7,2,0,2,59
1,73,101,19,23,0.95,22,20,10,2,4,2,83
1,71,103,19,23,0.99,26,17,11,2,1,2,72
1,35,46,14,16,0.61,26,14,10,3,1,2,88
1,47,77,19,25,0.89,15,14,10,3,1,3,89
2,81,126,26,34,1.28,16,14,10,3,1,3,73
3,118,160,25,37,1.54,18,18,11,1,1,3,69
2,92,125,25,25,0.92,23,16,9,0,4,2,66
1,55,118,28,30,0.81,18,13,4,0,4,3,65
2,72,142,36,39,1.19,18,16,4,0,0,2,63
2,110,160,33,40,1.35,19,14,6,3,1,2,59
3,152,155,17,29,1.11,27,15,5,0,3,2,72
2,106,107,26,28,0.93,27,14,7,2,1,2,85
2,80,119,28,40,1.1,21,14,3,0,0,2,59
2,105,161,31,46,1.52,19,15,4,2,2,2,70
3,114,155,29,37,1.44,21,18,5,2,0,2,61
3,144,225,27,45,1.99,24,20,8,2,7,2,58
5,350,408,23,44,2.24,35,20,11,2,4,2,54
4,163,137,19,26,1.28,17,18,13,3,1,2,82
0,21,18,15,14,0.6,29,14,11,3,2,2,88
2,90,80,17,22,1.35,16,11,9,3,1,3,91
1,63,64,14,23,1.22,14,14,8,2,1,2,93
2,80,87,21,30,1.54,11,15,9,4,1,2,80
2,88,69,18,24,1.74,16,13,10,1,4,3,85
2,85,80,18,26,1.93,12,12,9,3,1,2,86
2,87,78,19,28,1.74,11,12,9,3,3,2,88
1,49,122,22,19,0.6,23,8,1,0,3,4,92
1,30,74,27,27,0.55,21,6,-2,2,1,3,53
1,54,95,23,34,1.02,15,6,2,3,1,2,70
1,51,90,24,24,0.72,20,6,-1,2,3,2,54
1,57,103,23,31,1.09,21,9,-1,0,4,2,61
2,80,125,29,41,1.37,16,11,-2,2,1,2,59
2,98,152,47,39,1.38,16,12,3,0,0,2,57
2,104,136,37,33,1.07,20,10,0,0,2,2,72
1,63,82,21,27,0.94,20,11,1,2,0,2,54
2,90,92,15,24,1.04,15,9,5,3,0,4,53
2,101,172,35,25,0.94,16,9,2,2,3,2,57
1,53,112,28,26,0.71,18,9,-2,0,3,2,85
1,52,102,23,31,1.06,20,10,-3,2,5,2,50
1,69,112,25,35,1.1,17,12,-1,0,2,2,51
2,100,139,27,37,1.32,15,11,-2,2,0,2,55
1,45,90,21,21,0.67,20,5,-2,0,2,2,63
1,31,60,22,31,0.71,21,8,-4,0,4,4,40
1,58,81,40,39,1.04,21,11,-3,2,7,2,49
1,58,80,29,37,1.06,21,13,3,1,0,2,37
2,81,86,36,33,1.04,22,8,-1,0,4,2,51
1,57,59,34,29,0.89,25,7,-1,0,1,2,50
1,51,63,26,35,0.91,21,9,-3,0,5,2,40
1,74,91,35,42,1.27,19,12,-1,2,0,2,42
3,114,131,28,46,1.66,26,13,0,2,3,2,50
2,88,79,24,30,1.11,23,10,1,2,1,2,59
1,47,71,23,33,0.86,20,8,0,2,1,3,68
1,71,96,28,42,1.12,16,11,1,2,1,2,66
2,78,92,22,40,1.04,24,13,1,2,0,2,70
2,77,104,22,38,1.09,21,16,0,0,5,2,58
2,89,82,27,30,1.11,25,17,0,0,2,2,63
2,90,94,25,36,1.07,26,8,3,2,4,2,66
1,31,77,23,33,0.65,23,9,1,2,4,2,42
1,59,99,27,37,0.92,24,11,-3,0,2,2,39
1,70,118,43,43,1.15,20,15,0,0,0,2,40
2,98,160,46,47,1.16,29,17,3,2,7,2,39
3,146,194,39,44,1.44,17,13,7,1,0,2,50
3,139,92,31,30,1.16,20,10,3,4,3,3,62
1,67,110,22,30,0.88,23,8,-2,0,1,3,69
2,110,149,24,41,1.35,26,11,-2,2,2,2,79
2,100,134,26,44,1.32,29,14,-1,2,0,2,64
3,125,182,24,52,1.73,26,15,0,2,4,2,66
2,108,145,25,47,1.52,26,16,0,2,7,2,63
1,72,80,21,29,1.04,22,12,1,2,1,2,83
1,55,62,20,30,0.99,16,6,3,3,0,3,63
1,52,32,14,23,0.7,18,8,4,1,1,3,69
1,63,80,14,31,0.7,18,9,3,1,4,2,88
3,138,166,24,33,0.95,26,10,1,0,6,2,75
3,122,144,29,33,1.12,27,8,-2,0,2,2,73
2,96,139,23,35,1.1,28,12,-1,2,0,2,57
2,83,137,21,45,1.16,25,12,-1,0,6,2,57
2,91,183,40,46,1.46,20,13,5,1,0,2,49
3,149,228,35,41,1.68,26,11,4,0,0,2,56
2,107,136,33,36,1.35,25,8,-2,0,3,2,60
3,117,152,38,43,1.62,18,14,-1,2,0,2,44
3,139,187,43,52,1.81,19,14,5,1,0,2,57
5,207,161,21,34,1.86,19,11,8,3,6,2,72
5,213,213,26,35,1.95,23,9,3,1,3,2,83
2,89,21,15,20,1.01,27,7,3,3,1,2,78
1,37,9,14,22,0.62,30,2,0,4,1,2,89
1,39,30,22,26,0.59,32,1,-2,5,1,2,87
1,42,53,24,24,0.64,33,2,-2,2,2,2,74
1,44,48,21,26,0.67,29,3,-3,1,3,2,94
1,48,57,21,24,0.76,21,4,-2,1,3,2,94
1,74,97,29,31,1.07,18,5,-2,4,0,2,79
2,112,120,20,28,1.04,19,9,0,1,1,2,80
4,167,144,33,26,1.23,31,9,0,2,3,2,74
2,91,78,29,29,0.99,31,9,-2,0,3,2,59
1,58,108,28,34,1.07,29,10,-1,0,7,2,52
2,77,109,32,29,1.03,35,13,0,2,7,2,77
1,52,78,21,18,0.74,34,6,-1,0,2,2,52
1,44,67,26,29,0.85,31,7,-3,0,1,2,53
1,51,75,30,34,0.88,31,7,-3,0,1,2,51
2,70,127,25,31,0.9,40,16,3,0,7,2,46
2,90,190,32,43,1.25,31,16,3,0,7,2,47
4,190,252,41,48,1.87,30,14,3,0,7,2,45
3,124,148,38,33,1.39,34,20,5,1,7,2,56
1,54,56,17,20,0.86,35,15,11,3,6,2,80
3,147,172,16,21,1.68,41,16,7,0,3,2,91
4,161,219,22,31,2.01,46,16,3,0,1,3,72
2,106,140,30,17,1.2,43,14,3,0,0,2,66
1,56,69,35,13,0.65,45,12,2,2,1,3,62
0,27,28,22,14,0.73,34,9,5,4,0,3,90
1,39,27,19,12,0.68,32,11,6,1,3,3,49
2,98,121,25,19,1.03,35,12,3,1,5,3,87
2,100,106,25,18,1.24,37,11,4,3,0,2,88
1,71,86,23,20,1.04,31,13,3,2,0,2,85
1,51,55,20,20,1.13,25,14,7,3,0,2,83
2,90,115,19,22,1.13,33,11,6,2,1,2,92
1,38,32,25,20,0.74,43,8,4,3,0,3,78
0,20,20,19,15,0.47,46,3,2,4,1,4,92
1,53,62,20,20,0.7,45,10,0,2,3,4,75
1,60,76,20,24,0.88,42,13,2,1,7,2,66
1,57,116,19,18,0.79,43,12,7,2,0,2,74
1,30,72,17,16,0.61,46,7,1,2,1,4,54
1,37,64,18,19,0.73,36,4,1,3,0,3,52
1,59,76,17,22,0.86,28,7,0,1,2,3,69
1,68,75,21,22,0.94,30,13,2,2,7,2,73
2,89,99,24,28,1.04,27,12,6,1,1,2,75
2,93,95,17,22,0.9,36,13,3,2,3,2,74
1,39,45,15,18,0.62,46,10,1,2,1,2,70
1,54,92,26,31,0.96,38,13,2,2,0,2,51
1,74,118,20,25,0.84,58,18,4,0,1,2,46
2,77,132,24,41,1.68,37,20,5,2,6,2,44
3,139,154,21,41,1.75,35,16,9,3,5,2,43
2,111,93,19,31,1.45,36,16,9,1,1,2,81
2,77,67,22,28,1.21,37,18,11,1,0,2,87
1,62,73,28,26,1.49,31,17,13,4,7,2,82
0,14,15,10,12,0.63,35,14,11,3,0,3,93
1,62,83,12,18,1.01,40,15,10,3,2,3,89
2,83,80,15,19,1.06,36,14,11,3,2,2,86
1,67,110,16,22,1,37,19,8,0,5,2,92
1,65,113,22,26,1.31,40,22,8,2,0,2,72
1,47,120,26,22,0.97,35,18,9,2,0,3,69
1,31,69,23,23,0.83,30,18,6,2,1,3,67
1,28,67,21,18,0.64,45,18,7,2,0,4,62
1,44,79,25,23,0.8,32,17,8,3,0,4,59
2,77,81,16,19,0.85,41,19,9,2,3,2,92
1,68,94,24,26,0.93,38,23,10,2,0,2,80
2,77,140,28,35,1.44,35,24,11,1,2,2,78
1,76,73,26,19,1.27,31,24,15,3,7,2,75
1,73,74,22,21,1.09,32,27,18,2,6,2,72
1,70,106,29,23,1.18,38,26,17,2,6,2,73
1,42,47,22,13,0.83,31,25,14,7,0,4,74
1,68,82,19,15,0.9,33,19,12,1,2,4,83
1,59,56,19,15,1.16,29,13,10,7,1,2,89
1,67,54,18,13,0.82,33,15,11,4,1,2,91
1,67,51,16,12,0.74,39,13,8,3,1,2,93
0,29,51,16,11,0.48,33,8,5,3,1,4,88
1,35,55,20,19,0.7,34,13,3,2,0,3,69
1,74,110,31,32,1.05,36,16,4,2,0,2,74
2,94,139,26,40,1.33,39,19,6,2,1,2,66
2,99,136,38,39,1.42,47,21,8,2,3,2,65
1,52,102,25,24,0.84,38,21,10,4,0,2,64
1,29,57,17,14,0.57,40,14,6,3,2,4,63
1,43,70,19,16,0.64,55,20,7,0,3,4,63
1,52,113,25,30,0.78,40,25,10,2,1,3,72
2,57,156,21,26,0.76,42,22,13,2,6,4,66
2,62,170,29,31,1.01,39,26,13,2,0,3,61
2,73,168,31,37,1.21,35,23,18,3,7,3,59
1,55,57,18,19,0.98,29,23,17,4,5,3,50
1,40,62,17,20,0.62,50,17,11,1,1,4,85
1,55,115,22,37,0.98,45,22,8,2,2,2,69
1,55,111,19,40,0.89,42,25,9,2,6,2,66
1,44,101,27,38,0.97,40,27,13,2,2,2,61
1,58,142,25,42,1.15,37,28,15,2,7,2,58
2,81,178,26,45,1.33,50,28,15,0,1,2,60
2,69,150,26,44,1.03,49,29,14,2,1,2,71
1,45,112,17,25,0.74,46,30,16,2,7,2,51
1,68,117,19,23,0.82,48,31,19,7,5,2,73
1,38,64,13,19,0.59,52,26,18,2,0,2,58
1,44,109,15,21,0.76,46,29,15,0,0,3,72
1,57,115,17,26,1.04,63,28,16,2,0,2,85
0,29,47,7,18,0.71,41,25,19,3,7,3,63
1,51,78,6,20,0.84,41,27,15,2,4,3,82
1,64,107,9,24,0.97,35,25,17,1,7,2,54
1,52,107,13,26,1.09,35,26,14,2,0,2,82
1,57,91,8,32,0.94,32,25,16,1,1,2,82
1,64,102,11,29,0.96,38,28,17,2,0,2,76
2,111,152,11,41,1.32,32,28,19,2,0,2,66
2,92,111,9,25,1.1,34,28,19,2,0,2,85
1,58,82,13,23,0.94,49,28,19,2,0,2,84
1,34,64,8,21,0.57,38,28,19,2,0,2,76
1,27,88,9,21,0.39,45,18,14,0,0,2,80
1,41,100,16,26,0.6,42,27,17,0,7,2,53
1,43,84,11,25,0.69,33,28,22,0,5,2,60
1,34,52,10,23,0.71,35,30,22,4,5,2,72
1,42,85,11,25,0.8,55,26,17,1,1,2,88
1,54,100,16,32,0.9,53,26,17,2,7,2,65
1,55,77,9,31,0.82,37,28,21,3,1,2,84
1,67,118,11,42,1.09,36,29,20,2,7,2,66
1,52,106,12,34,0.93,46,31,20,2,1,2,54
1,23,71,18,31,0.81,48,28,17,0,1,2,72
1,46,106,23,33,0.92,63,26,16,2,1,2,44
1,59,102,21,30,0.85,71,30,21,1,1,2,61
2,82,147,23,42,1.08,71,27,20,1,3,2,55
2,71,138,26,30,0.99,64,28,18,2,1,2,49
2,108,166,24,31,1.34,58,30,20,2,0,2,58
3,116,144,19,48,1.63,28,28,22,1,1,2,70
3,118,120,14,32,1.48,38,26,20,3,3,2,90
1,63,57,14,34,1.31,28,26,22,3,1,2,89
1,76,73,15,33,1.36,33,24,21,3,1,2,95
2,91,89,18,35,1.37,67,28,20,2,1,2,82
2,92,134,19,37,1.41,72,30,22,2,0,2,76
1,48,77,15,29,1.06,45,31,25,5,7,2,92
1,46,65,16,29,0.8,59,28,20,3,3,2,73
0,19,42,18,41,0.84,49,27,18,2,7,2,75
1,33,79,12,36,0.83,58,25,16,2,3,2,66
1,50,107,14,35,0.88,61,29,19,0,5,2,70
1,35,71,14,31,0.88,53,32,21,2,7,2,69
1,51,87,15,30,1.17,58,29,21,5,5,2,69
1,58,81,20,38,1.26,60,28,22,1,5,2,72
1,31,54,13,29,1.04,47,30,22,2,7,2,51
1,38,124,11,27,0.72,63,29,23,2,5,2,77
1,25,85,9,33,0.59,68,32,22,2,5,2,67
1,39,94,10,34,0.72,68,34,23,2,5,2,58
1,48,106,11,37,0.9,75,34,23,2,5,2,45
1,59,99,8,34,1,65,32,23,2,5,2,82
1,47,50,6,30,1.21,44,28,22,4,0,2,61
0,13,18,6,21,1.03,52,24,19,6,1,2,96
0,28,47,5,24,0.71,79,23,19,1,1,2,93
1,53,84,11,34,0.96,98,29,21,0,7,2,79
1,65,94,9,21,1,86,30,21,2,7,2,74
2,75,76,5,23,1.07,94,31,22,1,1,2,77
1,53,66,6,21,0.85,86,27,21,1,7,2,83
1,72,96,9,23,1.2,72,28,22,2,6,2,81
2,83,112,7,27,1.17,44,29,24,3,7,2,86
1,41,58,5,22,0.67,36,29,25,3,7,2,89
0,26,33,5,24,0.82,40,30,22,5,3,2,93
0,11,16,5,23,0.81,38,27,24,5,1,2,91
0,17,24,5,23,0.8,37,25,22,4,1,2,97
1,56,86,7,25,1.04,43,25,22,3,1,2,92
1,51,76,10,25,1.01,52,30,23,3,7,2,97
1,41,60,16,27,0.77,63,26,22,3,3,2,95
1,58,94,19,41,1.24,55,28,22,2,1,2,78
2,99,135,19,36,1.39,91,32,23,2,1,2,81
1,66,81,16,25,0.88,84,31,22,2,6,2,83
1,37,54,17,24,0.74,73,27,19,2,1,2,78
0,24,30,10,24,0.61,53,26,20,3,7,2,74
1,36,52,5,20,0.68,63,21,18,1,1,2,88
1,62,90,8,30,0.89,58,25,20,3,7,2,76
0,25,31,5,21,0.64,51,27,21,4,1,2,79
0,25,37,4,17,0.56,34,25,22,1,1,2,93
0,21,33,4,13,0.42,38,29,23,1,1,2,87
0,24,42,5,18,0.51,44,28,24,1,1,2,82
1,34,61,5,28,0.73,55,30,24,2,5,2,79
1,60,101,10,33,1.04,65,35,25,2,7,2,75
2,77,121,8,35,1.11,72,36,25,2,1,2,73
1,52,62,7,31,0.88,44,34,25,1,1,2,94
0,15,17,5,19,0.61,38,27,23,7,5,2,93
0,17,27,5,19,0.61,34,26,23,3,1,2,92
1,33,53,7,28,0.84,26,29,23,3,1,2,75
1,42,59,7,28,0.99,24,28,23,1,1,2,91
1,65,90,8,29,1.01,71,30,24,2,1,2,92
1,71,100,9,29,1.11,68,30,25,2,1,2,82
1,63,77,9,33,1.09,48,32,26,1,1,2,86
0,31,43,5,23,0.94,44,32,26,4,7,2,92
0,19,32,4,22,0.81,37,28,24,3,5,2,87
0,16,35,4,21,0.66,33,30,25,3,7,2,93
0,23,45,5,20,0.6,45,32,26,0,7,2,89
0,24,51,7,20,0.62,54,34,27,2,5,2,78
1,25,53,7,22,0.6,57,36,27,0,5,2,73
1,27,51,8,22,0.63,58,37,27,2,5,2,70
1,22,56,9,24,0.68,61,35,27,2,5,2,70
1,23,54,6,20,0.59,60,35,27,2,5,2,68
1,30,66,8,21,0.68,72,35,28,2,5,2,65
1,34,71,7,18,0.7,76,37,28,0,5,2,63
1,33,72,7,21,0.61,76,37,28,0,5,2,70
1,32,79,9,26,0.64,61,37,27,2,5,2,68
1,20,55,8,20,0.76,57,36,27,2,5,2,71
1,41,78,8,20,0.75,77,34,26,2,7,2,79
0,18,45,7,17,0.59,44,33,27,2,1,2,82
0,16,35,8,14,0.56,35,33,27,1,1,2,80
0,8,14,8,17,0.45,46,28,25,6,1,2,93
0,15,34,6,21,0.46,46,26,23,3,3,2,96
1,37,70,6,36,0.8,65,28,23,2,3,2,83
1,44,78,7,38,0.82,72,31,24,2,7,2,76
1,60,99,14,34,1.04,74,32,23,2,1,2,83
1,58,97,13,31,0.99,69,32,24,2,7,2,76
1,49,73,6,22,0.84,62,32,25,2,1,2,86
1,46,84,10,29,1,74,30,24,2,7,2,84
1,55,95,10,29,1.06,75,31,24,2,1,2,81
1,52,76,7,28,0.95,41,31,24,1,1,2,83
0,13,26,4,20,0.67,48,28,23,4,3,2,98
1,40,64,5,23,0.8,57,26,22,1,5,2,93
1,43,74,6,29,0.98,60,28,22,0,6,2,83
1,32,64,7,24,0.88,68,30,22,2,1,2,78
1,29,55,4,19,0.69,67,31,22,2,1,2,88
1,39,68,5,21,0.76,72,30,22,2,3,2,83
1,53,84,5,26,0.77,73,30,22,2,3,2,83
1,43,87,9,41,0.87,66,30,22,2,3,2,75
1,58,114,8,46,0.95,71,29,21,1,7,2,75
1,65,120,8,43,1.15,76,32,22,2,6,2,77
1,61,123,9,41,1.03,72,32,22,2,5,2,78
1,59,95,7,37,0.91,75,33,22,2,1,2,76
1,57,93,7,26,0.84,77,32,22,2,1,2,75
1,29,58,8,20,0.66,76,31,21,0,1,2,79
1,39,75,8,28,0.78,72,31,21,2,1,2,72
1,47,82,10,25,0.91,65,31,22,2,1,2,91
0,20,29,5,18,0.68,57,30,23,4,5,2,80
1,41,67,7,18,0.84,75,30,23,2,1,2,76
1,32,55,7,18,0.75,70,29,21,2,1,2,82
0,23,49,6,24,0.8,65,30,21,2,1,2,73
1,26,55,8,25,0.85,77,30,20,0,1,2,78
1,28,57,8,27,0.79,79,29,21,2,1,2,72
1,48,87,9,36,0.9,64,28,20,2,6,2,72
1,48,66,9,20,0.73,62,28,20,3,3,2,81
1,31,69,12,31,0.69,63,25,15,2,1,2,74
1,47,96,14,33,0.97,65,26,17,2,7,2,64
1,42,76,10,31,0.82,46,27,19,2,7,2,67
1,32,64,9,34,0.79,44,28,19,2,1,2,75
1,40,79,11,42,0.92,50,27,18,2,1,2,78
1,56,102,13,48,0.98,62,28,18,2,5,2,71
1,63,91,7,28,0.88,41,29,19,2,5,2,69
1,32,73,10,39,0.77,68,29,19,2,1,2,71
1,55,92,14,40,0.93,61,28,20,0,1,2,66
1,44,76,12,33,0.84,67,30,21,2,7,2,73
1,51,65,5,25,0.82,71,29,21,3,3,2,66
1,52,75,7,35,1.04,53,29,20,2,1,2,80
1,44,67,7,29,0.89,50,28,19,3,1,2,80
1,56,91,9,39,1.07,64,28,20,2,1,2,83
1,58,80,9,27,1.15,69,30,19,2,1,2,73
1,27,54,9,25,0.83,70,29,19,2,1,2,70
0,23,47,5,21,0.74,60,28,20,3,1,2,65
0,24,48,6,22,0.72,63,24,22,3,1,2,83
1,49,139,5,23,0.66,51,24,17,3,3,2,99
3,119,225,7,55,0.96,56,23,12,0,5,2,63
2,81,177,10,84,1.3,39,26,14,2,7,2,72
2,75,126,13,52,1.28,68,26,16,1,5,2,92
1,47,67,10,27,0.97,53,26,18,3,7,2,66
1,45,57,9,34,1.02,27,24,18,1,7,2,78
0,24,22,8,27,0.84,29,24,19,3,7,2,98
0,18,27,5,21,0.53,44,23,17,1,3,2,91
1,53,91,11,38,0.71,40,23,15,2,3,2,95
1,56,114,12,41,0.81,54,22,12,2,5,2,100
1,51,103,13,47,0.88,52,22,13,2,1,2,78
2,75,137,14,60,1.11,56,23,9,0,3,2,73
1,69,128,17,65,1.27,55,24,12,0,5,2,61
2,76,134,20,66,1.44,57,26,12,2,6,2,63
2,74,122,13,49,1.34,60,26,14,0,7,2,58
3,148,222,19,68,2.01,68,27,14,0,3,2,65
3,131,175,16,55,1.82,72,28,14,0,1,2,68
1,55,91,14,43,1.18,63,27,15,0,1,2,67
1,57,89,12,40,1.15,58,26,14,0,1,2,60
1,66,102,12,45,1.3,60,24,15,0,0,2,67
1,68,102,13,41,1.34,59,26,14,2,1,2,67
1,71,98,14,31,1.26,67,26,15,2,1,2,74
3,116,161,13,36,1.5,64,26,17,2,1,2,73
2,104,142,14,40,1.18,69,26,16,2,6,2,75
2,93,118,12,25,1.04,59,26,17,1,1,2,81
2,87,95,13,30,0.98,31,24,17,2,7,2,77
1,42,59,10,26,0.53,45,23,14,3,3,2,100
1,58,145,19,52,1.25,26,20,9,2,6,2,79
1,61,92,17,40,1.32,32,20,10,3,7,2,91
1,68,98,14,44,1.23,54,18,12,1,3,2,85
1,63,103,13,50,1.34,59,18,10,2,1,2,72
2,77,104,21,46,1.02,57,18,8,2,1,2,64
1,53,89,17,58,0.98,39,18,7,0,5,2,61
2,80,125,25,56,1.18,59,19,6,2,5,2,60
2,92,123,19,53,1.25,30,21,11,2,7,2,59
1,74,109,18,57,1.38,19,20,12,2,7,2,93
2,81,83,12,39,1.34,21,23,15,3,7,2,75
0,27,30,9,21,0.89,10,26,13,3,3,2,95
1,65,50,13,29,1.13,16,11,7,3,3,2,100
2,76,65,15,32,1.22,40,11,7,2,3,2,90
1,69,72,13,36,1.21,58,16,8,0,6,2,79
1,44,64,12,43,0.88,31,15,9,3,1,2,85
0,33,39,12,30,0.89,29,14,11,1,1,2,75
1,67,70,12,29,1.29,40,13,11,3,1,2,86
3,143,142,16,37,1.58,45,15,9,2,5,2,73
2,101,115,22,47,1.79,24,16,9,2,7,2,69
2,96,64,14,36,1.53,27,19,13,3,7,2,81
1,70,45,10,27,1.41,33,17,12,3,3,2,86
1,40,38,14,24,0.97,29,15,12,3,1,2,90
1,52,63,8,31,1.05,8,13,10,3,1,2,94
1,70,83,14,40,1.24,10,11,10,1,1,2,97
1,74,90,17,43,1.49,13,16,12,1,1,2,79
1,39,41,13,36,1.55,19,17,12,3,1,2,89
0,19,21,9,24,0.89,11,19,11,3,3,2,95
0,12,16,6,21,0.58,29,10,6,3,3,2,98
1,52,54,12,23,0.76,30,6,-1,4,3,2,97
1,64,57,18,25,0.81,42,6,-2,0,3,2,74
1,54,74,26,43,1.05,28,5,-4,0,1,2,63
1,59,94,27,51,1.35,20,8,-1,2,7,2,91
1,63,104,14,51,1.24,25,12,5,2,1,2,96
1,56,76,17,48,0.96,28,15,6,2,1,2,66
3,119,139,16,49,2.17,10,16,9,2,1,2,70
2,92,151,15,32,1.19,25,13,8,1,3,2,70
1,56,143,16,38,0.86,30,13,3,0,3,2,74
2,97,132,16,41,1.02,19,13,1,2,3,2,85
2,108,152,19,60,1.39,12,10,2,1,6,2,46
1,58,81,16,53,1.07,23,9,1,2,5,2,63
2,96,139,25,70,1.85,14,10,1,0,7,2,77
2,84,101,20,58,1.46,24,12,3,0,1,2,76
2,100,138,18,51,1.44,9,14,4,1,7,2,48
5,255,237,16,40,1.71,16,12,8,1,5,2,86
5,236,222,17,44,2.11,11,11,7,3,3,2,85
1,68,75,14,42,1.01,15,10,2,2,1,2,75
2,83,106,14,35,0.84,27,9,2,2,1,2,82
5,210,231,23,49,1.73,20,8,2,2,3,2,69
2,99,70,19,36,1.07,25,10,2,2,5,2,70
1,54,79,15,30,0.69,25,10,-1,2,3,2,58
1,50,83,15,39,0.78,16,7,-3,0,3,2,45
2,77,114,24,52,1.16,19,7,-3,2,5,2,72
2,91,113,26,58,1.56,9,8,-2,2,1,2,49
2,97,107,14,54,1.27,13,8,2,3,5,2,43
2,105,122,17,53,1.6,10,8,1,2,5,2,76
5,244,178,17,52,1.94,18,10,2,3,1,2,86
5,206,32,13,38,1.82,11,11,5,1,3,2,88
1,72,45,11,36,1.66,8,9,6,3,3,2,89
4,166,163,19,43,1.98,32,9,3,1,3,2,99
2,101,131,17,49,1.43,31,11,1,2,4,2,70
2,87,100,13,35,1.12,23,15,3,2,1,2,60
1,42,60,12,32,0.74,33,9,3,2,1,2,69
2,79,118,20,53,1.25,23,7,0,2,7,2,84
2,88,108,23,44,1.32,31,9,1,2,7,2,67
3,123,144,26,58,1.61,29,11,0,0,1,2,75
4,162,179,27,69,1.71,19,11,1,0,1,2,70
3,131,162,24,66,1.55,22,11,3,2,7,2,67
2,100,129,18,62,1.47,21,15,6,3,7,2,60
4,180,165,19,52,1.79,22,17,7,2,3,2,60
1,42,22,11,26,0.75,41,13,7,3,1,2,84
1,42,62,14,32,0.64,26,9,5,3,1,2,89
2,103,102,23,34,1.12,16,9,3,1,3,2,83
2,91,104,26,42,1.2,30,6,-2,2,3,2,83
3,119,148,26,62,1.59,12,8,1,2,6,2,77
4,156,147,31,60,1.84,13,8,1,1,1,2,86
2,110,15,13,27,1.16,45,8,4,3,1,2,77
1,40,31,11,24,0.62,33,5,0,3,1,2,90
2,82,96,19,35,0.97,31,4,-2,2,3,2,85
2,86,109,17,48,1.31,26,6,-2,0,6,2,77
2,78,109,18,58,1.33,29,8,-2,2,5,2,70
2,79,109,35,62,1.28,22,10,-2,2,7,2,58
3,143,157,23,45,1.68,42,11,1,3,1,2,66
5,206,212,24,40,2.08,22,10,-1,0,3,2,65
3,121,144,27,50,1.23,26,5,-4,0,6,2,76
1,66,83,23,43,0.89,28,5,-3,1,7,2,57
1,37,22,9,26,0.47,35,4,-1,5,1,2,56
1,63,57,12,27,0.8,43,3,-1,3,1,2,84
2,76,30,18,26,0.8,40,2,-4,3,3,2,85
1,23,84,14,22,0.4,51,-2,-10,2,3,2,64
1,23,66,10,38,0.48,46,-4,-9,0,3,2,42
1,48,94,15,52,0.77,35,2,-6,0,6,2,44
1,46,91,31,52,0.98,23,7,-2,2,7,2,52
1,53,39,12,46,1.03,8,8,0,3,7,2,50
1,54,22,9,29,0.85,39,6,2,3,3,2,92
1,52,28,14,32,0.87,24,4,1,3,1,2,93
2,80,44,26,36,0.89,38,5,-1,2,1,2,81
3,118,102,24,37,1.29,37,4,-2,2,1,2,87
2,106,109,22,50,1.24,44,3,-3,2,3,2,74
2,99,126,26,61,1.56,36,6,-3,2,7,2,62
3,123,109,25,57,1.77,34,7,-3,2,5,2,60
3,135,68,21,44,1.89,54,8,-3,2,3,2,60
2,75,88,21,26,1.04,58,10,-2,2,1,2,63
2,78,125,29,27,0.86,69,7,-2,0,5,2,41
5,214,294,57,31,1.1,64,12,-2,0,1,2,44
2,94,111,18,25,0.92,80,17,1,2,1,2,49
1,52,71,21,27,0.83,76,19,4,2,7,2,40
1,53,67,18,39,1.03,34,20,10,3,5,2,60
1,53,62,20,35,1.23,22,19,12,3,6,2,80
1,74,49,9,25,1.61,29,19,10,3,1,2,85
0,27,24,12,17,0.54,53,9,2,1,3,2,84
0,20,30,14,23,0.54,55,4,-4,2,3,2,61
0,23,36,11,31,0.56,56,6,-1,2,5,2,44
1,36,54,13,42,0.76,52,10,-1,2,5,2,42
1,42,63,16,43,0.81,51,12,0,2,7,2,49
2,83,113,19,50,1.05,34,16,3,2,5,2,46
2,70,179,18,31,0.68,46,15,2,2,3,2,53
1,55,137,18,44,0.84,37,13,-1,2,1,2,41
1,66,88,9,27,0.84,41,11,2,3,1,2,52
2,76,99,11,27,0.82,48,10,5,1,1,2,88
3,121,138,15,38,1.23,50,11,2,2,1,2,78
2,92,128,22,48,1.03,55,11,1,2,7,2,66
2,76,124,17,44,1.02,55,14,4,2,7,2,59
1,53,85,16,36,0.9,47,18,4,2,7,2,59
2,91,122,22,30,1.16,66,19,7,0,7,2,59
2,91,106,19,34,0.94,70,17,2,0,1,2,59
2,83,105,23,38,1.03,61,12,1,0,7,2,49
2,98,141,28,55,1.37,54,15,4,3,7,2,53
3,130,174,33,72,1.89,36,19,8,2,7,2,55
3,113,151,34,55,1.63,47,20,11,2,7,2,60
3,157,200,17,38,1.45,50,20,13,3,5,2,63
3,150,181,19,38,1.42,45,18,10,2,5,2,67
4,155,183,16,42,1.55,36,20,12,1,7,2,70
1,32,28,9,20,0.44,67,21,7,3,1,2,80
0,19,30,16,20,0.51,64,8,2,3,1,2,88
1,38,56,18,33,0.77,59,7,1,1,1,2,67
1,68,100,18,46,1.02,55,8,1,2,6,2,56
1,71,105,30,47,1.04,64,11,2,0,7,2,56
2,101,129,20,45,1.18,60,14,5,3,7,2,57
3,128,163,18,54,1.28,63,15,4,2,1,2,68
2,108,133,23,50,1.13,67,15,5,2,1,2,67
2,85,133,23,59,1.21,49,16,6,2,0,2,60
3,128,185,33,71,1.5,37,18,8,1,7,2,65
3,136,170,18,61,1.45,32,17,11,1,1,2,67
3,136,157,17,54,1.42,61,19,11,2,5,2,80
2,94,86,17,36,1.05,70,20,10,1,7,2,72
1,53,86,21,38,0.82,79,20,9,2,1,2,72
2,91,125,22,40,1.12,74,18,9,1,7,2,55
1,53,68,14,24,0.61,72,19,10,2,1,2,72
0,17,47,13,22,0.49,73,15,6,2,1,2,72
1,43,94,21,41,0.78,61,13,5,2,1,2,34
2,80,111,19,45,0.97,58,15,5,2,1,2,44
1,63,87,13,37,0.83,81,14,5,0,5,2,68
1,62,101,19,38,0.84,99,18,5,0,5,2,70
1,64,127,20,52,1.03,61,21,11,2,5,2,73
1,60,118,20,46,0.89,78,22,13,1,7,2,72
1,56,115,21,34,0.91,72,18,12,3,7,2,88
1,55,75,12,29,0.93,82,20,13,3,7,2,61
2,77,85,16,58,1.51,27,25,15,2,7,2,65
1,39,10,11,22,0.68,73,22,12,5,5,2,100
1,35,53,16,26,0.67,65,15,10,1,1,2,99
1,62,90,23,43,1.17,38,18,12,2,1,2,99
1,36,6,10,37,1.05,21,18,13,4,7,2,110
0,30,47,13,34,0.73,46,16,12,3,3,2,102
1,51,98,19,48,1.24,38,22,12,2,7,2,70
1,53,109,21,60,1.36,57,24,14,2,1,2,70
1,56,138,18,77,1.05,77,26,13,2,7,2,70
2,67,150,22,71,1.1,68,26,14,2,7,2,63
1,60,100,15,56,0.97,81,24,14,2,7,2,88
1,65,141,18,83,1.23,74,25,15,2,1,2,68
2,83,164,19,80,1.32,101,27,16,2,1,2,72
1,54,126,19,46,0.9,96,28,17,2,7,2,60
1,35,47,9,30,1.04,55,24,18,7,7,2,49
1,38,87,10,44,0.89,46,20,11,2,3,2,94
1,32,65,14,32,0.78,84,20,11,2,7,2,82
1,32,77,17,37,0.94,95,23,12,0,7,2,82
1,40,59,12,52,1.14,49,26,16,4,7,2,82
1,48,69,5,29,0.92,92,19,15,3,3,2,100
1,39,80,8,48,0.94,76,25,15,2,5,2,80
1,43,55,7,45,0.85,85,27,17,3,5,2,77
1,44,69,10,39,0.88,87,18,14,1,1,2,88
1,39,66,12,35,0.76,87,18,14,2,7,2,88
1,58,60,10,46,1,43,22,14,3,7,2,88
0,29,51,7,33,0.67,85,20,14,3,1,2,88
1,54,97,9,50,0.82,90,17,12,2,5,2,88
2,68,139,11,67,1.14,91,23,13,0,1,2,88
2,72,128,20,48,0.98,88,27,15,2,7,2,100
1,43,91,9,27,0.78,96,29,18,2,5,2,60
0,28,49,6,23,0.78,68,27,21,3,5,2,67
1,26,88,8,33,0.56,78,25,14,0,3,2,90
1,36,104,10,47,0.72,90,26,14,2,7,2,54
1,27,74,9,32,0.71,82,28,20,2,7,2,58
1,51,104,10,41,0.95,77,26,20,1,7,2,73
4,82,310,12,38,0.76,76,29,17,7,1,2,79
1,46,98,10,44,0.86,46,18,16,3,1,2,88
1,72,95,10,49,1.02,28,18,15,1,7,2,88
1,68,80,10,34,0.94,73,21,15,7,3,2,88
1,64,107,10,45,1.05,88,23,13,2,6,2,88
1,50,115,11,26,0.77,113,27,18,0,7,2,74
1,27,66,9,26,0.6,74,30,17,7,1,2,57
2,78,101,13,31,1.06,98,24,17,2,7,2,73
0,28,37,8,24,0.76,56,25,16,4,3,2,76
1,33,78,9,36,0.71,73,17,12,2,3,2,76
1,44,95,20,48,0.84,101,26,13,2,7,2,100
1,51,103,17,56,0.79,104,27,15,2,7,2,54
2,55,102,17,52,0.91,133,26,16,2,7,2,52
1,37,55,12,34,0.72,85,27,18,7,7,2,54
0,22,23,8,20,0.56,88,22,17,7,1,2,100
1,33,43,8,25,0.66,100,19,16,3,1,2,100
1,42,59,8,33,0.61,86,21,16,1,1,2,100
1,44,79,10,39,0.72,98,23,18,1,5,2,100
1,51,101,8,37,0.84,98,27,18,2,7,2,69
1,68,100,11,43,0.99,60,29,21,3,7,2,70
1,40,36,9,33,0.96,86,26,19,4,1,2,78
0,25,27,7,25,0.85,61,22,18,7,7,2,100
1,46,62,8,29,0.86,88,22,18,1,3,2,100
1,30,42,9,29,0.82,78,25,18,2,7,2,78
0,23,29,7,20,0.75,65,27,21,1,7,2,72
1,32,41,8,25,0.99,85,25,21,1,1,2,84
1,46,68,12,43,0.95,66,23,17,2,1,2,96
1,49,40,9,37,0.98,56,24,18,4,1,2,81
1,37,46,8,27,0.73,97,22,19,1,1,2,96
1,37,65,13,39,0.97,93,26,17,0,7,2,79
1,53,76,11,38,1.01,90,21,18,5,0,3,75
1,68,86,10,34,0.98,90,23,19,1,3,3,85
2,84,94,10,42,1,70,30,20,2,6,2,85
1,50,63,9,30,0.97,98,31,23,2,0,3,86
2,76,101,13,46,1.13,94,32,24,7,5,4,85
2,72,121,11,62,1.29,81,27,21,5,2,3,80
1,46,59,10,35,0.94,104,28,21,2,6,2,72
1,40,66,10,33,0.89,105,28,20,1,7,4,81
1,37,74,10,28,0.82,106,26,20,1,7,3,77
1,39,81,9,31,0.84,90,28,20,2,6,2,71
1,47,74,8,31,0.9,114,29,19,2,6,2,71
1,52,97,9,35,0.84,108,30,18,2,0,4,66
1,37,75,9,30,0.71,95,30,21,2,7,2,62
0,19,41,8,31,0.61,55,30,22,2,0,3,66
0,18,41,8,48,0.77,37,30,23,7,6,4,82
1,40,56,8,40,1.01,44,32,24,2,0,2,94
0,22,37,7,31,0.77,58,31,23,2,7,3,94
1,35,59,8,27,0.9,75,31,25,2,7,3,86
0,16,23,7,32,0.85,60,30,22,7,6,3,79
0,17,26,7,28,0.67,81,31,24,7,4,3,92
1,41,56,10,42,0.96,81,31,22,1,4,2,93
0,22,23,8,31,0.76,74,32,23,1,2,2,80
0,28,39,8,32,0.77,43,32,24,2,6,4,92
0,30,51,9,30,0.82,56,32,24,7,0,1,95
0,26,32,7,30,0.8,33,32,24,2,7,1,81
0,5,11,9,24,0.56,43,29,25,5,7,2,81
0,11,18,10,34,0.7,38,25,23,6,3,2,96
0,22,32,10,28,0.85,54,25,22,5,3,2,96
0,10,15,10,21,0.61,65,25,21,4,7,2,88
0,21,31,10,30,0.67,51,32,26,7,6,1,96
0,22,35,10,36,0.8,27,32,27,7,6,1,94
1,35,50,9,36,0.92,64,33,27,7,6,3,90
1,46,65,10,31,0.88,76,33,27,7,6,2,87
1,38,58,10,26,0.78,58,32,26,7,5,2,83
1,52,70,10,30,0.77,38,29,25,4,6,2,83
1,40,50,9,20,0.68,43,32,25,2,6,1,89
1,37,69,10,30,0.72,66,33,26,2,6,2,86
1,43,65,9,23,0.8,77,34,27,7,5,3,81
2,75,103,9,39,1.01,42,35,27,2,6,3,86
0,25,33,9,23,0.79,49,34,27,7,0,2,88
0,26,38,8,23,0.74,85,36,28,7,6,3,95
1,34,57,9,29,0.82,72,36,28,2,7,1,81
0,22,44,9,21,0.63,76,37,27,2,6,1,80
0,30,47,11,28,0.89,46,37,28,2,6,1,79
0,25,50,10,16,0.63,65,35,26,2,6,3,90
0,23,47,10,19,0.59,71,36,28,0,5,3,74
1,41,73,10,20,0.72,96,37,28,0,5,3,78
1,44,82,10,24,0.71,97,38,28,0,6,2,72
1,39,78,9,25,0.69,91,40,28,0,5,1,70
1,44,88,9,28,0.77,96,40,28,0,5,1,68
1,46,91,9,33,0.88,87,40,28,0,6,2,66
1,43,95,9,33,0.73,82,40,28,0,6,2,69
1,47,89,10,26,0.75,114,40,30,0,0,2,74
1,43,83,9,26,0.72,121,39,29,2,3,3,67
1,45,86,12,30,0.76,102,37,28,2,1,2,65
1,33,70,10,30,0.8,88,36,28,7,0,2,70
1,25,63,11,29,0.69,94,35,28,7,0,2,72
1,33,67,10,34,0.75,75,36,28,0,6,2,71
0,18,38,9,31,0.66,59,35,26,7,6,1,82
0,15,38,10,29,0.67,53,32,26,4,6,1,87
0,22,49,13,32,0.7,61,31,26,7,4,1,89
1,24,56,9,40,0.78,59,32,26,7,6,1,85
1,35,63,11,34,0.84,62,32,26,7,2,2,86
1,30,62,11,30,0.74,78,33,26,7,2,1,90
1,24,52,11,26,0.73,73,33,26,2,1,1,82
1,24,53,10,25,0.74,56,33,26,2,0,2,77
1,26,57,11,29,0.76,69,34,27,2,0,2,81
1,27,64,11,29,0.78,79,36,28,2,0,2,78
1,26,68,10,35,0.85,94,36,28,0,0,1,76
1,28,69,11,33,0.85,98,36,29,0,0,2,74
1,49,96,12,33,0.95,122,37,29,0,0,2,72
2,52,92,12,33,0.95,130,36,28,2,1,2,71
1,41,80,12,31,0.88,104,36,27,0,0,2,73
1,42,90,12,40,0.98,117,35,27,2,0,2,72
1,55,120,13,48,1.03,108,36,28,2,0,1,72
1,65,106,10,44,1.27,45,38,29,2,2,0,75
1,58,80,8,26,1.19,72,34,28,7,2,1,89
1,54,76,8,38,1.17,58,32,27,2,1,2,85
1,42,69,10,35,0.92,74,33,26,7,1,1,90
1,40,81,12,42,0.88,101,34,26,2,0,2,83
1,41,92,14,42,0.93,111,34,25,2,0,2,69
1,29,58,11,25,0.61,64,34,24,2,1,2,64
1,33,68,14,31,0.69,85,28,22,7,1,2,77
1,35,76,15,43,0.7,98,28,19,2,3,2,69
1,36,89,11,47,0.68,84,30,19,0,3,1,59
2,58,118,13,48,0.74,95,30,20,2,1,2,58
1,44,88,10,40,0.87,80,31,20,0,2,2,56
1,52,114,12,45,0.81,108,32,21,0,2,2,57
2,61,131,12,66,0.91,90,33,21,0,6,2,57
2,63,157,17,85,1.04,78,34,21,0,7,1,59
1,62,144,18,78,1.06,75,35,22,2,0,1,56
1,67,125,16,62,1.14,97,31,21,2,0,1,60
1,45,77,13,41,0.75,81,31,21,2,0,1,61
1,38,68,10,36,0.87,97,26,20,4,0,3,68
1,51,99,17,52,1,90,30,21,2,7,2,71
2,67,132,15,68,1.08,109,31,22,2,2,1,66
1,52,101,11,41,0.84,102,32,22,2,7,1,60
1,52,90,15,41,0.83,84,31,21,2,6,1,64
1,36,75,13,43,0.78,88,31,20,2,7,2,65
1,55,102,14,49,0.85,117,30,21,0,6,1,67
1,51,91,13,46,0.87,83,32,22,2,0,2,63
0,20,31,10,30,0.77,42,30,22,2,0,2,66
0,6,15,9,18,0.53,43,24,21,5,1,3,92
0,16,36,11,24,0.59,67,26,20,3,1,2,89
1,42,67,13,33,0.72,59,29,20,2,1,2,76
1,22,60,13,35,0.56,75,30,20,0,1,2,73
1,26,72,13,50,0.56,61,27,17,2,1,1,65
1,36,88,15,60,0.78,63,26,17,2,1,1,61
1,54,109,14,69,1.03,63,26,17,2,6,1,65
1,67,128,15,78,1.06,62,27,18,2,7,1,70
1,69,125,14,60,0.96,72,29,20,2,0,1,70
1,67,108,14,47,1.04,99,30,21,2,0,1,70
1,62,106,14,49,1.07,108,29,22,1,0,2,73
1,52,94,12,46,0.91,77,30,23,1,0,2,68
0,16,18,12,18,0.64,49,30,22,1,1,2,76
0,21,27,12,28,0.7,27,24,18,4,1,3,90
0,20,28,11,24,0.92,36,20,17,6,2,2,105
0,21,30,10,34,1.02,14,19,16,3,3,2,105
0,22,30,10,30,1.02,24,23,19,4,4,1,100
0,21,41,10,33,0.8,43,23,19,4,3,1,95
1,33,57,11,46,0.73,43,27,20,2,0,1,80
1,58,103,11,45,0.86,74,27,19,2,6,1,83
2,75,102,9,34,0.95,87,28,20,2,1,1,78
0,24,46,10,36,0.79,45,25,19,1,0,2,79
1,47,75,11,33,0.76,71,22,18,3,1,1,85
0,22,49,12,30,0.66,75,24,14,2,1,2,77
0,15,44,10,33,0.59,56,21,14,2,0,3,77
1,28,56,11,42,0.82,30,21,16,2,1,2,77
1,33,59,11,53,0.83,30,20,15,1,1,2,77
1,51,64,11,50,0.97,32,20,16,3,6,1,77
0,20,43,10,56,0.82,23,20,15,3,1,3,77
1,43,73,10,63,0.96,10,19,17,3,0,1,77
1,37,48,9,34,0.77,28,22,17,3,2,1,100
1,45,63,10,39,0.71,48,23,15,3,3,2,100
1,61,91,12,53,1.04,30,22,17,1,1,2,94
1,66,98,13,52,1.01,29,23,18,1,1,1,87
1,41,42,10,49,1.12,11,23,19,3,0,2,85
0,19,25,9,37,0.76,19,21,19,3,0,2,95
0,8,11,11,20,0.59,40,22,19,3,1,2,96
0,33,34,11,24,0.77,28,20,16,4,1,3,96
0,23,35,10,31,0.73,19,16,14,3,1,2,96
0,28,34,8,32,0.88,20,18,14,3,7,1,96
0,20,22,8,41,1.21,13,18,16,3,0,1,96
0,20,27,7,45,0.9,38,17,14,5,5,1,96
0,26,29,9,33,0.79,37,17,14,3,6,1,88
0,22,19,11,35,0.71,45,14,8,4,2,2,88
0,27,22,12,34,0.81,30,10,8,3,2,1,88
1,35,30,10,28,0.97,47,17,12,1,4,1,88
0,24,41,9,35,0.67,35,17,12,1,4,1,88
1,41,67,13,56,0.93,37,15,7,2,2,0,80
1,44,71,14,54,0.95,38,16,7,0,3,2,71
1,50,81,13,54,0.93,51,19,8,0,7,1,71
1,67,120,16,74,1.16,44,21,9,0,7,1,71
2,96,145,25,71,1.38,68,23,12,0,7,1,71
1,64,60,15,41,1.05,49,23,13,2,1,2,71
1,41,41,14,25,0.75,57,17,9,4,2,2,71
0,30,48,13,41,0.79,42,11,6,1,1,2,71
0,26,48,12,38,0.84,51,12,7,1,0,1,70
1,40,74,15,45,0.98,36,15,6,2,5,2,65
1,47,99,16,56,1.06,39,18,10,2,7,2,65
1,59,110,21,63,1.43,18,20,11,2,7,1,65
2,81,137,20,70,1.58,40,21,13,2,4,1,65
1,68,121,15,66,1.2,64,21,11,2,1,2,65
1,41,91,16,65,1.17,21,18,10,2,0,2,65
1,42,40,12,61,1.35,9,16,12,3,7,1,88
0,32,44,12,58,1.59,9,17,13,3,0,2,88
1,53,75,12,54,1.75,12,17,13,3,1,1,88
1,47,51,10,41,1.58,14,14,0,3,1,2,88
0,27,31,10,40,1.05,16,17,13,3,0,2,88
0,13,17,12,28,0.7,36,17,6,3,1,3,88
1,40,13,15,36,0.66,29,5,1,3,2,3,92
1,61,56,15,42,0.85,36,1,-4,3,2,2,92
2,82,87,19,56,1.13,18,5,-1,2,1,1,80
2,75,83,16,54,1.2,31,6,3,2,1,1,78
1,65,127,14,64,1.34,30,10,2,2,6,1,74
2,85,162,18,72,1.37,32,14,3,0,1,1,69
1,43,78,15,64,0.81,29,14,5,2,1,2,73
2,60,89,16,70,0.88,34,12,5,2,1,1,73
2,84,153,14,80,1.25,28,13,3,2,6,1,76
2,91,136,17,78,1.11,39,16,5,0,0,1,71
2,79,152,21,103,1.36,18,14,4,0,0,1,65
2,88,145,14,79,1.25,43,15,5,2,6,1,72
3,130,194,12,73,1.44,37,18,5,0,6,1,72
2,101,122,12,60,0.96,41,18,3,2,2,2,72
3,115,167,15,97,1.41,36,11,4,0,7,2,73
3,123,191,17,116,1.67,34,15,3,2,6,0,69
3,115,146,17,71,1.35,43,18,5,0,0,1,69
0,30,51,11,49,0.76,39,14,6,2,1,2,65
1,42,64,12,59,0.9,27,12,6,1,0,2,72
2,76,113,15,68,1.15,14,13,7,2,0,1,74
1,67,24,11,48,1.26,12,13,8,3,2,2,85
0,24,30,13,36,0.59,45,9,3,3,2,3,94
1,64,91,15,68,1.03,30,7,-1,2,2,2,73
2,109,134,18,89,1.33,33,9,-1,2,4,1,76
2,92,97,23,65,1.1,42,11,0,0,7,1,74
2,85,134,23,90,1.31,22,13,2,0,7,2,66
3,116,158,25,96,1.62,20,14,4,2,3,1,67
3,127,14,12,61,1.17,23,16,8,2,7,1,67
1,42,10,10,40,1.16,26,11,8,3,1,1,96
2,99,50,11,48,1.52,39,10,5,3,3,3,95
2,76,109,16,72,1.36,31,12,1,2,6,1,73
2,83,89,16,65,1.35,24,13,3,2,0,2,72
1,42,36,10,55,0.94,13,8,4,1,0,2,66
0,20,17,11,35,0.83,20,9,5,3,0,2,93
2,94,69,18,60,1.58,30,7,2,3,3,2,94
1,61,81,17,69,0.96,32,6,-2,0,6,1,77
2,77,105,20,74,1.21,37,6,-2,0,0,1,71
2,80,110,23,79,1.16,31,7,-2,0,1,2,79
3,136,128,32,88,1.69,26,8,-1,0,0,1,75
3,150,160,34,113,1.45,22,10,1,0,0,1,71
4,177,89,15,84,2.01,22,14,2,2,2,0,71
3,127,147,18,93,2.36,21,12,5,0,2,0,89
5,203,185,15,120,2.9,15,10,6,3,6,1,89
1,36,3,12,59,1.38,37,14,10,3,0,1,87
0,15,10,11,42,0.78,41,10,7,3,0,2,96
1,49,34,8,44,1.42,27,9,7,3,1,2,96
2,106,50,8,35,1.46,50,8,4,3,3,3,96
3,116,113,12,64,1.65,39,8,-1,1,3,2,85
3,116,90,15,56,1.54,40,7,0,0,1,2,87
2,105,80,16,67,1.37,47,8,3,1,0,2,79
2,103,109,13,66,1.31,45,7,2,1,4,1,73
2,76,105,17,69,1.11,39,10,-2,2,4,1,72
2,74,82,14,52,0.9,46,10,-1,0,2,1,67
0,33,49,11,48,0.59,42,8,-1,0,1,2,64
1,46,65,13,61,0.81,30,7,-2,0,1,2,69
1,49,73,13,71,0.95,22,8,0,0,0,2,73
2,84,62,12,60,1.08,21,9,2,2,0,1,74
2,78,54,11,44,0.96,38,8,3,3,0,2,91
1,52,99,18,51,0.76,46,9,-3,1,2,3,91
1,47,88,17,63,0.73,46,4,-4,0,0,1,46
2,94,132,26,84,1.16,31,8,-4,0,3,1,54
2,75,90,21,69,1.13,43,7,-2,0,0,1,55
1,53,65,16,54,0.92,48,9,-1,0,0,2,50
1,71,79,17,61,1.03,44,10,0,0,1,2,54
2,90,58,16,43,1.04,61,11,1,0,0,1,62
3,126,156,22,29,1.16,68,14,3,0,5,1,67
3,122,156,26,29,0.98,57,11,3,2,0,2,57
2,93,81,12,24,1.04,26,13,6,2,6,1,70
2,98,78,16,39,1.04,61,9,-1,3,3,3,90
3,126,98,19,32,1.16,68,5,-2,0,1,2,67
0,35,37,13,19,0.58,67,5,-2,2,2,2,67
2,93,48,15,35,1.2,75,5,0,1,2,1,81
2,78,39,12,48,1.2,35,7,1,2,2,0,73
2,106,42,12,56,1.34,26,7,4,3,0,1,88
2,88,75,16,57,1.46,32,12,2,1,0,1,86
2,109,46,15,55,1.26,53,13,3,2,2,0,88
0,35,40,13,35,0.65,53,11,1,2,0,3,67
1,74,32,22,36,0.85,43,6,2,1,2,2,79
3,113,42,23,34,1.1,65,3,-2,3,3,2,95
3,116,81,21,47,1.17,66,6,-3,2,4,1,72
2,94,86,18,72,1.1,57,8,-3,0,2,1,66
2,75,90,21,76,1.05,55,9,-2,0,6,1,55
2,77,102,23,95,1.37,50,13,0,0,0,1,50
2,90,112,21,99,1.41,57,16,1,0,1,1,51
2,76,96,20,89,1.14,63,16,2,2,0,2,44
2,76,115,15,74,1.32,69,17,5,2,7,1,45
2,102,101,13,52,1.08,41,21,8,1,1,1,71
1,60,92,12,60,0.94,39,11,3,1,0,2,71
2,100,100,14,45,1.26,64,15,5,0,0,1,64
2,80,94,15,44,1.09,48,22,9,2,5,3,64
0,27,43,10,34,0.73,55,11,4,3,0,2,71
1,69,29,12,31,0.89,43,9,2,3,2,2,73
3,119,50,16,56,1.17,42,5,0,3,3,3,90
2,88,101,12,83,1.14,51,9,1,2,3,1,73
2,85,108,13,101,1.21,53,11,2,0,0,1,61
2,80,116,15,98,1.25,60,14,3,2,7,1,58
2,110,129,19,103,1.29,55,16,2,0,2,1,56
2,109,124,20,96,1.1,70,16,3,2,6,1,56
1,51,125,11,44,0.78,65,18,6,2,6,1,45
1,41,71,11,56,0.79,54,16,0,2,3,4,45
1,51,89,19,77,1.1,49,13,3,0,6,2,45
1,72,118,14,97,1.29,37,17,5,2,7,2,46
1,66,64,10,65,1.02,52,16,4,2,7,2,46
1,62,62,10,52,0.84,60,15,3,2,0,1,46
1,71,110,17,82,1.15,59,14,3,2,0,1,50
1,60,91,14,64,0.89,60,16,2,2,1,3,57
2,85,137,21,105,1.26,52,16,3,0,3,2,49
2,107,178,28,132,1.42,31,20,7,2,2,0,49
2,80,120,17,85,1.23,53,20,9,2,6,2,49
2,89,67,13,57,1.02,45,19,8,2,0,3,49
1,50,27,9,30,0.61,70,18,7,3,1,2,49
1,37,65,13,52,0.67,55,8,3,3,3,1,87
1,40,71,15,66,0.82,62,13,2,0,1,2,59
1,48,69,13,55,0.72,79,15,7,1,6,2,44
1,59,75,15,68,0.78,55,14,5,1,7,1,44
2,85,88,22,64,0.93,52,15,7,1,0,1,72
1,68,35,10,55,0.99,40,17,11,0,7,2,72
1,46,22,8,34,0.75,61,14,9,3,0,1,87
1,58,41,9,42,0.81,82,12,6,1,3,2,93
1,73,43,10,53,0.96,51,16,8,2,2,0,88
1,43,34,9,44,0.76,44,9,6,3,1,2,88
1,54,24,9,47,0.81,42,11,8,3,6,3,91
1,53,81,10,45,0.83,53,11,5,3,3,2,96
1,37,93,11,56,0.85,61,16,6,2,3,2,70
1,40,99,12,67,0.8,72,18,5,0,2,5,70
1,49,113,14,50,0.76,89,22,11,0,7,2,70
2,79,86,10,51,0.84,86,23,7,2,2,5,70
1,54,99,14,48,0.86,68,19,10,2,6,2,70
2,79,86,10,51,0.84,69,14,8,3,0,5,88
2,96,87,10,51,1.07,72,16,8,1,2,0,48
2,73,110,9,70,1.19,67,20,7,2,7,2,48
1,51,90,23,56,0.97,93,23,11,0,0,3,48
1,58,101,22,76,1,56,24,14,2,6,3,48
2,88,75,14,51,1.18,42,21,15,3,3,4,90
2,77,34,11,35,1.21,50,19,15,3,0,1,90
2,91,78,8,44,1.46,40,17,14,4,1,2,90
2,100,88,10,36,1.43,79,19,15,3,0,2,90
1,24,26,9,25,0.72,94,23,12,3,1,3,90
0,18,28,7,32,0.58,69,12,9,3,2,3,87
1,47,51,8,39,0.81,68,11,8,3,2,3,87
1,57,83,11,59,0.89,76,17,10,2,6,1,60
1,40,79,16,48,0.78,93,21,10,2,7,2,60
1,48,86,11,42,0.86,99,24,13,0,7,3,60
1,48,116,9,77,1,71,27,15,0,5,2,60
1,58,122,11,61,1.08,61,19,0,2,7,2,60
1,35,104,8,32,0.68,75,28,16,7,6,4,71
1,33,129,8,43,0.61,73,26,16,2,3,4,68
1,34,128,14,55,0.83,72,27,16,2,6,3,53
1,41,74,8,28,0.71,79,28,16,7,6,3,56
1,33,127,10,42,0.65,62,23,15,2,4,3,56
1,41,87,11,48,0.74,89,22,11,2,3,4,56
1,37,86,9,57,0.69,103,23,11,0,5,3,56
1,37,86,9,57,0.69,103,26,14,0,7,2,88
1,39,93,10,42,0.73,110,28,17,2,6,3,49
1,61,129,17,77,0.98,63,24,15,7,2,4,76
1,48,61,9,26,0.68,92,22,12,1,1,5,76
1,31,64,10,48,0.72,100,24,12,2,2,2,76
1,35,81,10,62,0.65,104,27,14,0,3,4,87
1,44,68,9,35,0.71,80,30,14,0,5,4,45
1,57,111,18,69,0.98,82,29,16,0,6,2,45
0,23,37,8,32,0.68,85,29,16,7,7,3,60
0,32,49,7,28,0.69,77,23,16,1,7,4,82
0,23,31,8,25,0.66,71,25,18,3,0,4,82
1,52,136,9,42,0.79,85,22,15,1,4,3,87
4,98,326,10,60,0.92,72,26,16,2,2,2,75
3,93,275,11,59,0.98,94,25,17,2,3,2,78
1,64,85,9,43,0.91,72,27,17,1,6,2,73
1,20,45,7,30,0.56,100,21,15,3,3,3,80
1,40,84,9,50,0.7,108,27,16,0,7,4,72
1,55,104,9,61,0.81,80,31,19,2,6,3,61
1,34,50,7,29,0.64,107,27,19,7,4,2,73
1,24,63,7,33,0.56,117,29,18,2,7,3,77
1,43,114,10,45,0.72,102,32,20,0,1,2,62
1,43,101,14,67,0.93,56,29,18,2,6,3,72
1,22,49,10,45,0.57,99,23,15,7,0,3,71
1,38,72,11,55,0.71,127,26,15,2,6,2,60
1,44,81,14,47,0.83,136,29,18,0,7,3,58
1,61,107,20,57,0.92,133,31,20,2,6,3,54
2,87,113,12,51,1.04,117,31,20,2,7,3,63
2,87,113,12,51,1.04,117,30,20,2,7,2,69
2,82,106,11,53,1.02,141,32,21,2,1,3,65
1,57,79,13,36,0.86,133,32,23,2,7,2,70
1,36,40,10,29,0.64,69,23,16,4,1,4,95
1,36,51,9,31,0.56,105,26,16,2,1,2,72
1,40,63,8,57,0.66,100,30,17,0,4,1,59
1,37,76,8,57,0.66,122,32,19,0,5,3,57
2,46,82,8,52,0.69,134,34,20,0,7,2,56
1,44,79,9,51,0.71,140,34,22,0,7,3,49
2,55,88,10,44,0.88,135,34,21,0,7,2,47
2,63,83,11,52,0.77,139,32,23,2,5,2,57
1,28,39,10,38,0.69,111,32,22,2,5,2,67
2,61,101,8,42,0.79,129,35,24,2,6,2,63
2,87,133,11,32,1.04,177,33,23,2,6,4,64
2,76,107,11,29,0.9,185,33,22,2,1,4,67
1,29,79,13,34,0.68,130,30,21,2,0,5,53
1,24,39,10,32,0.65,83,21,18,5,0,3,87
0,18,21,9,24,0.57,81,23,19,1,3,3,86
1,25,44,9,40,0.69,103,30,20,2,6,2,72
1,41,59,9,34,0.87,134,31,23,2,0,3,71
1,44,71,10,36,0.86,99,32,24,7,5,4,75
0,18,28,9,24,0.68,47,27,21,5,2,3,98
0,19,35,9,21,0.65,94,28,21,2,6,2,83
1,23,37,8,22,0.64,108,28,20,1,7,4,76
1,30,44,9,30,0.76,84,26,20,1,7,3,81
1,42,56,9,38,0.91,86,28,20,2,6,2,81
2,59,83,11,48,0.88,145,29,19,2,6,2,72
2,61,89,11,55,0.77,144,30,18,2,0,4,66
1,41,68,11,40,0.57,136,30,21,2,7,2,62
1,38,63,11,38,0.59,127,30,22,2,0,3,67
1,31,56,10,33,0.57,87,30,23,7,6,4,77
1,42,67,8,37,0.67,99,32,24,2,0,2,77
2,66,93,11,42,0.84,117,31,23,2,7,3,76
1,51,70,9,35,0.75,107,31,25,2,7,3,77
1,40,59,9,35,0.7,70,30,22,7,6,3,78
1,35,59,9,31,0.68,89,31,24,7,4,3,78
1,48,76,11,33,0.82,127,31,22,1,4,2,69
1,53,82,10,37,0.87,126,32,23,1,2,2,73
1,53,80,9,38,0.79,110,32,24,2,6,4,72
1,41,65,10,30,0.65,108,32,24,7,0,1,72
1,46,70,9,28,0.72,121,32,24,2,7,1,68
0,34,32,10,25,0.55,51,29,25,5,7,2,86
0,13,26,9,22,0.53,47,27,24,4,6,2,92
0,13,23,9,24,0.56,58,28,23,7,7,2,91
0,17,31,9,21,0.56,59,30,24,7,6,2,83
0,22,44,9,33,0.62,59,32,26,7,6,1,82
0,24,45,8,31,0.66,61,32,27,7,6,1,81
1,28,46,9,24,0.61,72,33,27,7,6,3,76
0,16,37,10,27,0.55,45,33,27,7,6,2,85
0,19,35,9,19,0.5,59,32,26,7,5,2,81
0,16,24,10,18,0.49,52,29,25,4,6,2,94
0,11,24,8,18,0.48,75,32,25,2,6,1,82
0,22,40,7,23,0.6,72,33,26,2,6,2,81
0,29,50,8,23,0.64,77,34,27,7,5,3,75
1,46,70,8,24,0.72,96,35,27,2,6,3,77
1,47,72,8,36,0.76,83,34,27,7,0,2,77
1,47,69,8,20,0.66,112,36,28,7,6,3,71
1,44,73,8,32,0.7,101,36,28,2,7,1,76
1,35,67,8,33,0.67,90,37,27,2,6,1,71
1,28,50,8,22,0.57,87,37,28,2,6,1,70
1,28,49,8,20,0.54,90,35,26,2,6,3,68
1,27,52,7,21,0.55,99,36,28,0,5,3,64
1,31,59,8,21,0.6,116,37,28,0,5,3,61
1,32,69,9,31,0.58,117,38,28,0,6,2,60
1,34,76,9,38,0.63,109,40,28,0,5,1,57
1,34,81,10,37,0.65,102,40,28,0,5,1,59
1,47,99,11,42,0.76,115,40,28,0,6,2,64
2,59,108,11,41,0.92,132,40,28,0,6,2,62
2,60,110,11,42,0.93,141,40,30,0,0,2,58
2,54,100,12,43,0.92,147,39,29,2,3,3,69
1,39,60,9,22,0.71,101,37,28,2,1,2,80
1,37,53,9,36,0.79,88,36,28,7,0,2,76
0,23,28,12,39,0.66,66,35,28,7,0,2,83
0,13,36,8,21,0.64,83,32,26,7,0,2,77
0,10,21,9,23,0.72,59,30,26,4,7,3,92
0,15,31,10,25,0.82,58,32,27,7,7,1,90
1,36,58,8,34,0.95,80,34,27,7,6,1,79
1,52,84,9,38,0.89,76,36,28,7,7,1,78
1,47,79,9,32,0.86,94,37,29,2,5,2,73
1,30,60,8,33,0.69,70,37,28,7,5,1,79
0,14,20,13,24,0.66,50,32,26,4,5,2,98
0,22,33,9,20,0.68,84,31,25,1,6,1,84
1,29,49,9,26,0.81,82,35,27,2,6,2,80
1,36,70,7,36,0.7,76,35,26,2,7,2,78
0,16,26,9,26,0.59,49,30,25,4,5,2,91
0,18,31,9,25,0.68,54,29,25,5,3,2,91
1,36,51,8,26,0.8,73,30,24,7,4,1,88
1,31,52,8,26,0.68,77,32,25,1,6,2,83
1,30,54,9,41,0.74,63,31,24,1,0,1,86
0,15,36,9,27,0.6,70,32,25,2,1,2,82
0,20,46,10,32,0.57,65,34,25,7,7,1,77
0,23,42,11,33,0.7,57,35,25,7,2,2,88
0,22,38,9,31,0.76,67,31,25,7,6,1,86
1,31,52,7,32,0.8,88,33,26,2,0,2,79
1,46,73,7,31,1,84,34,27,2,0,1,85
1,20,52,7,30,0.71,112,36,28,2,7,2,77
1,21,56,7,38,0.76,49,34,27,7,4,1,87
1,33,65,8,40,0.88,62,32,25,7,1,1,88
0,17,37,6,34,0.73,65,32,24,2,1,1,79
1,28,64,8,42,0.97,83,33,26,2,7,2,75
1,36,68,6,41,0.9,73,36,26,1,3,2,80
0,37,32,6,19,0.8,76,29,23,7,0,3,87
1,35,46,9,40,0.79,83,26,21,3,1,2,89
0,23,31,12,31,0.66,69,26,21,3,1,2,97
0,28,47,7,35,0.9,70,26,21,1,7,1,87
1,32,58,8,38,0.91,69,25,21,3,1,2,85
1,36,41,7,33,0.95,45,24,21,3,0,2,98
0,24,31,8,28,0.94,33,27,22,3,2,1,94
0,25,37,8,22,0.81,53,29,23,2,2,1,88
0,28,40,9,32,0.88,40,25,21,3,3,2,96
0,25,42,7,35,0.92,73,28,20,2,6,0,85
1,33,66,8,54,1.08,26,30,22,2,7,1,83
1,61,101,7,42,1.17,89,31,23,3,0,2,85
1,47,56,9,32,1.05,37,30,19,4,3,2,93
0,19,35,7,30,0.92,54,26,19,1,2,0,90
1,42,70,8,52,1.02,81,29,20,2,0,2,82
1,64,93,9,47,1.06,103,29,19,2,0,2,77
1,22,56,9,35,0.72,85,29,18,0,1,2,71
1,28,60,7,31,0.69,97,27,18,2,1,2,77
1,24,61,9,40,0.7,84,28,18,2,1,2,74
1,37,94,8,61,0.81,88,30,21,0,6,1,73
1,51,113,11,74,1.03,94,30,21,2,2,1,70
1,60,109,9,59,1.01,76,27,21,7,0,1,81
1,45,55,8,41,1,61,25,18,4,1,2,89
1,35,48,9,40,0.88,64,25,19,1,0,2,88
1,41,65,9,49,0.83,54,27,21,1,0,1,86
1,43,53,8,43,0.92,51,28,20,3,0,1,88
0,20,25,8,41,0.97,29,23,20,5,2,1,99
1,35,46,9,48,1.29,11,26,22,3,3,1,98
0,24,35,8,31,1.13,42,29,23,3,2,2,93
0,23,27,7,24,0.95,49,25,18,3,1,3,97
0,23,39,7,33,0.79,69,25,17,2,0,1,80
1,40,71,12,61,1.1,42,24,18,2,7,1,88
1,45,60,9,56,0.95,48,24,20,3,7,2,97
1,39,50,10,28,0.98,39,27,21,3,2,2,91
0,10,15,9,23,0.83,43,23,18,3,1,3,97
0,11,27,8,17,0.55,62,19,15,3,1,3,91
0,9,13,9,27,0.56,52,16,14,3,0,3,91
0,25,36,8,36,0.69,39,16,15,3,0,1,91
1,36,63,11,49,1,56,21,15,2,2,1,82
2,80,105,12,54,1.33,111,26,18,2,0,2,82
1,51,89,11,60,1.08,83,29,21,0,0,1,79
1,58,67,8,50,1.15,19,30,21,0,0,1,82
0,8,10,8,27,0.72,26,27,16,1,3,2,92
0,8,11,9,28,0.6,46,16,14,3,1,3,92
0,23,38,9,32,0.63,52,17,14,3,1,2,92
0,22,39,10,34,0.69,58,19,14,1,1,2,80
0,12,24,10,21,0.59,72,20,16,1,1,2,80
0,13,30,9,29,0.65,56,17,15,3,1,3,87
0,20,35,8,26,0.67,65,17,13,3,2,2,87
0,16,34,9,26,0.6,60,18,15,3,1,1,87
1,48,63,11,47,0.88,44,17,13,0,1,2,87
1,45,72,10,62,0.86,48,18,13,3,2,0,85
1,69,101,11,70,1.11,68,21,12,2,1,1,95
2,113,136,16,79,1.34,67,21,11,2,1,1,96
2,67,88,10,46,0.85,52,22,12,0,3,1,96
1,45,96,13,72,0.99,45,19,10,2,1,1,96
1,46,90,15,76,0.97,49,20,9,0,2,0,96
1,54,99,13,80,1.05,66,20,11,2,2,0,96
2,76,126,14,99,1.29,63,10,0,2,2,2,96
1,58,90,11,77,0.89,59,11,0,0,1,2,88
1,54,107,13,56,0.78,45,11,0,0,2,3,88
1,34,92,16,65,0.76,39,6,0,0,2,3,88
1,55,103,12,85,0.81,47,15,5,0,7,1,88
1,67,124,13,104,1.13,43,18,8,0,7,1,88
1,69,140,12,110,1.27,48,21,9,0,7,1,80
2,103,141,13,72,1.17,57,23,11,2,7,1,71
0,21,48,9,44,0.5,55,22,9,2,1,2,71
1,30,77,11,64,0.65,41,16,6,0,1,2,71
1,59,111,12,89,0.91,43,17,6,0,0,1,71
2,81,156,12,108,1.17,35,20,10,2,0,1,71
3,117,184,18,101,1.55,64,23,12,2,5,1,71
1,44,104,14,73,0.8,50,23,10,0,0,2,71
2,79,145,17,70,0.95,41,23,9,0,7,2,70
1,27,80,11,46,0.55,39,19,9,1,2,2,65
1,51,95,14,70,0.93,19,16,9,2,1,2,65
1,63,99,11,62,0.88,30,18,10,2,4,1,65
2,110,141,12,79,1.09,30,17,10,1,2,0,65
3,130,146,12,86,1.37,42,17,8,2,0,1,65
2,84,104,13,74,1.23,17,18,9,2,0,2,65
1,52,49,9,42,0.88,21,18,12,1,0,2,88
1,32,46,11,31,0.68,50,17,7,3,2,2,88
1,40,57,11,45,0.71,32,10,3,2,1,2,67
1,50,70,13,56,0.89,35,10,6,2,1,1,67
1,67,88,15,75,1.08,25,11,3,0,0,1,64
2,76,100,15,56,0.88,39,13,5,2,5,1,67
1,49,100,16,67,0.87,36,15,2,2,2,1,59
1,44,108,17,87,0.98,27,14,3,0,4,1,41
1,45,104,16,79,0.83,38,15,4,2,6,1,46
2,72,129,17,74,1.1,40,18,5,2,6,1,46
1,71,107,17,61,1.09,53,18,4,2,1,2,46
2,105,155,16,92,1.4,42,18,7,2,7,2,46
2,82,112,11,46,1.04,41,17,8,1,4,0,46
2,101,115,14,65,1.18,34,12,6,3,1,3,82
1,47,78,9,53,0.82,31,9,3,1,1,1,82
2,82,124,15,76,1.2,23,11,2,2,0,1,70
2,87,117,10,67,1.29,24,13,4,2,0,1,69
5,213,203,9,67,1.68,15,14,4,2,5,1,78
4,161,83,8,60,1.41,33,11,0,2,3,1,91
2,109,127,16,77,1.26,26,10,0,0,0,0,81
2,109,128,16,72,1.32,36,12,2,2,7,2,70
2,78,82,14,53,1.03,34,12,1,2,2,2,63
1,65,103,14,67,0.96,30,8,1,2,6,3,49
2,59,138,18,59,0.99,32,11,1,0,6,2,50
2,73,155,18,78,1.46,25,12,0,0,5,1,31
1,53,88,11,53,0.9,34,12,0,0,0,1,46
1,35,61,10,50,0.84,26,10,1,2,0,3,61
1,41,14,3,35,0.81,30,9,3,1,0,2,63
0,26,15,3,31,0.62,21,5,3,3,1,2,96
2,103,67,6,41,1.08,35,6,1,3,1,2,97
1,47,76,10,57,0.85,34,6,-4,2,2,2,75
1,41,74,9,60,0.78,36,5,-4,0,5,0,52
1,70,112,16,72,1.04,27,9,-3,0,4,1,50
1,66,110,13,68,1.08,35,9,-2,0,5,0,56
2,97,144,21,91,1.44,27,12,-1,0,2,1,51
2,100,135,23,90,1.19,36,13,0,0,7,1,54
3,142,175,25,110,1.51,16,15,2,2,0,2,48
3,109,116,12,50,0.92,43,13,4,2,3,2,53
1,64,136,17,75,1.05,30,11,-2,0,3,2,40
2,80,142,22,91,1.17,23,11,0,0,6,1,47
2,89,128,20,90,1.23,30,13,0,0,0,1,47
2,97,91,9,63,1.09,17,12,2,2,7,2,48
3,118,102,8,65,1.35,17,10,3,3,0,2,81
3,125,158,12,57,1.29,58,11,4,2,4,1,92
3,118,126,11,60,1.37,34,10,-1,2,4,1,73
3,131,187,14,51,1.39,76,10,-1,2,4,1,54
3,117,122,13,61,1.38,31,13,4,2,0,2,54
0,24,12,2,23,0.69,45,10,6,1,2,1,66
0,18,13,3,22,0.67,43,6,1,4,1,2,95
1,64,28,4,37,0.93,35,1,-1,5,2,0,98
2,105,8,9,44,1.17,73,1,-4,2,0,0,93
2,104,4,5,38,1.4,42,2,-1,4,1,2,89
2,79,23,8,26,0.91,73,2,-4,3,3,2,96
0,23,46,5,36,0.59,68,0,-10,0,3,3,68
1,24,57,8,35,0.65,63,3,-8,0,4,2,56
1,51,88,10,60,0.9,38,5,-6,0,3,1,50
1,46,74,12,63,0.83,23,4,-8,0,1,2,70
1,72,104,17,72,1.04,12,5,-5,0,0,2,60
2,73,106,17,79,1.13,19,5,-4,2,7,1,64
2,77,122,25,86,1.29,21,12,1,2,7,1,55
3,133,62,9,73,1.46,9,14,3,2,4,1,59
2,113,60,6,62,1.33,22,8,0,3,6,1,89
2,110,81,6,60,1.44,26,11,2,2,1,1,93
4,158,47,7,64,1.43,17,11,2,2,0,2,92
4,179,106,11,80,2.16,14,8,1,3,7,2,88
3,135,39,9,65,1.77,17,11,2,1,1,2,89
2,102,67,5,50,1.48,34,8,1,3,6,1,89
3,119,74,4,36,1.28,31,11,1,2,1,1,89
1,46,50,4,36,0.84,38,5,0,1,0,3,85
0,26,8,2,17,0.66,59,2,-1,3,0,3,78
0,31,21,6,18,0.73,74,-1,-3,5,1,2,91
0,29,19,4,21,0.67,57,-1,-4,1,0,2,75
2,86,45,6,31,1.07,52,-2,-3,5,1,1,87
3,142,18,8,40,1.32,77,-2,-7,3,3,2,85
3,118,146,9,48,1.29,60,-2,-6,2,2,1,78
2,99,115,12,78,1.34,53,1,-9,2,7,1,77
2,91,105,14,88,1.4,27,2,-8,2,7,1,67
2,95,120,13,73,1.25,33,4,-6,2,1,1,68
1,33,68,8,37,0.65,45,4,-7,2,3,3,66
1,57,87,9,66,0.9,29,1,-7,2,1,1,55
1,57,89,11,65,1.04,37,4,-7,0,5,0,62
2,78,105,14,68,1.23,26,6,-6,0,3,1,58
2,82,104,15,65,1.15,38,6,-4,0,0,2,67
1,70,111,15,53,0.99,43,9,-4,2,3,1,63
3,134,170,19,85,1.57,21,7,-2,2,7,2,50
3,100,130,10,50,1.05,34,11,3,2,6,0,60
2,67,175,7,43,0.95,49,8,-1,1,6,1,56
1,24,100,6,32,0.57,59,10,-3,0,3,2,57
1,48,98,7,37,0.72,81,10,-2,0,3,1,34
1,65,118,9,44,0.84,71,13,-2,0,5,2,43
1,63,78,3,17,0.71,61,18,6,2,1,1,52
2,84,89,3,20,0.76,40,11,4,4,1,2,79
2,81,70,5,18,0.93,73,11,4,2,7,1,85
1,48,38,3,18,0.74,56,12,5,0,0,2,67
0,16,13,2,13,0.52,57,7,5,3,2,1,87
1,57,37,2,20,0.83,59,5,3,3,0,1,93
1,44,30,2,22,0.67,62,5,2,3,0,3,93
1,56,53,3,29,0.75,58,8,2,1,6,1,89
1,46,62,4,24,0.78,62,12,2,2,5,2,74
1,44,68,9,36,0.82,55,16,4,2,7,2,68
1,61,86,2,29,0.68,50,14,5,2,1,2,68
1,65,74,4,35,0.86,56,11,3,2,7,2,79
0,31,42,5,38,0.87,47,17,6,0,6,2,73
1,47,36,2,36,0.97,48,17,9,3,7,2,79
1,66,71,3,40,1.03,53,14,7,1,7,1,79
1,58,48,3,31,0.93,54,13,5,3,0,3,79
1,59,56,4,33,1.04,47,14,6,2,7,2,85
1,49,44,8,34,1.15,29,20,8,2,7,2,85
0,20,33,3,20,0.66,68,20,6,4,2,2,88
0,24,45,4,33,0.62,63,12,3,2,1,2,70
0,20,22,2,25,0.61,59,11,4,1,0,2,62
1,37,47,2,21,0.59,67,5,2,3,2,2,91
1,68,81,3,40,0.76,61,12,0,2,3,2,78
1,53,78,4,43,0.66,78,12,3,0,7,1,72
1,43,74,10,55,0.76,63,17,7,0,7,1,72
1,42,80,7,57,0.78,67,21,9,2,7,3,60
1,48,96,10,55,0.79,85,23,11,0,6,1,76
1,45,69,6,38,0.8,76,24,14,2,6,2,76
1,38,52,4,32,0.82,67,23,15,7,7,2,76
0,28,49,3,20,0.54,71,23,6,4,1,4,68
1,44,61,7,33,0.76,64,11,5,2,0,2,68
0,31,27,2,32,0.77,35,16,6,2,7,2,73
0,28,23,3,23,0.64,54,12,9,3,3,2,96
1,58,23,2,27,0.75,65,9,6,3,1,2,90
1,43,58,6,30,0.65,69,7,3,3,3,3,89
1,49,82,7,66,0.93,42,13,4,0,3,1,67
1,62,101,8,64,1.04,64,17,7,2,5,1,68
1,58,115,20,63,1.05,70,22,10,0,7,1,60
1,66,120,8,57,0.93,60,24,10,2,7,2,60
1,42,94,6,63,0.82,65,23,10,2,4,0,60
1,49,98,7,48,0.78,80,24,11,2,7,1,94
1,53,110,8,58,0.83,83,26,13,0,6,1,64
2,66,151,15,83,1.07,74,28,13,0,7,1,53
2,58,148,14,66,1.11,62,25,12,2,1,2,57
1,41,75,8,48,0.84,56,23,13,2,1,2,57
2,84,144,9,69,1.21,73,25,14,2,1,2,100
1,58,100,7,41,1,105,27,16,2,4,2,73
1,54,93,6,37,1.01,84,27,18,3,6,2,74
1,49,91,3,22,0.63,60,28,13,2,0,1,76
0,26,36,2,24,0.62,58,15,10,2,0,2,76
0,26,36,2,24,0.62,58,9,6,4,4,2,86
1,35,100,3,17,0.63,65,17,4,2,3,2,37
1,14,78,4,25,0.43,82,16,5,0,6,1,37
1,29,121,7,44,0.61,76,24,11,0,6,1,49
1,34,115,11,38,0.64,95,26,16,0,6,2,49
1,43,129,13,53,0.84,106,29,16,2,4,1,51
3,82,258,16,71,1.25,87,28,15,2,0,3,66
2,50,150,14,55,1.07,54,25,16,3,0,3,68
1,30,53,5,37,0.79,46,20,11,1,3,3,55
1,42,51,3,24,0.69,65,16,8,2,3,1,55
2,32,178,5,33,0.63,78,19,7,2,0,1,55
2,37,197,11,66,0.8,68,20,8,2,0,1,55
2,50,179,11,59,0.73,90,23,11,0,7,1,55
2,51,148,8,43,0.64,113,27,15,0,7,2,55
1,45,121,10,44,0.61,116,30,15,0,7,3,49
2,59,130,17,55,0.78,119,31,19,2,6,2,53
1,39,66,5,22,0.61,88,27,19,3,6,2,79
0,29,39,2,20,0.61,49,25,13,4,3,3,91
1,43,50,1,24,0.79,20,17,12,4,2,1,91
1,48,60,4,26,0.65,83,21,11,2,3,1,91
1,56,82,8,37,0.74,112,21,14,2,2,1,94
1,61,95,8,55,0.82,83,22,13,2,6,1,73
2,65,116,7,74,1.07,89,28,15,2,7,0,72
2,70,123,12,72,1.01,111,28,17,2,0,2,59
2,58,118,9,68,1.06,94,29,19,2,6,2,65
1,52,93,8,70,0.78,88,29,20,2,0,1,78
1,44,67,4,30,0.88,78,30,20,7,5,1,87
1,49,72,4,15,0.73,110,26,13,2,2,2,72
1,34,70,5,42,0.63,83,26,13,0,3,1,62
1,31,82,7,52,0.64,95,28,18,2,6,2,47
1,36,52,3,18,0.77,75,23,19,5,5,2,89
0,11,13,2,21,0.78,56,22,15,6,4,3,98
0,14,25,2,21,0.6,95,22,15,1,1,2,98
1,27,58,5,34,0.68,96,23,14,4,0,1,70
1,27,66,7,35,0.67,118,25,13,2,0,2,59
1,37,70,6,35,0.68,120,24,16,2,0,1,66
1,54,91,9,38,0.79,103,25,19,3,1,1,80
1,39,34,3,25,0.86,82,24,18,3,6,1,84
1,36,63,3,40,0.89,79,30,20,0,7,1,74
1,48,78,4,28,0.87,96,31,25,2,6,2,75
1,34,69,5,19,0.6,100,34,27,2,6,3,70
1,32,72,5,16,0.58,109,34,23,2,5,2,65
1,15,37,3,22,0.59,108,32,21,3,0,1,87
1,38,56,4,33,0.81,88,31,20,3,0,1,89
1,38,51,5,29,0.96,70,22,18,3,0,2,89
1,41,49,5,29,0.84,38,22,17,3,0,2,91
1,46,73,4,32,0.82,36,22,17,3,0,2,94
0,25,30,3,25,0.74,48,22,16,3,3,2,92
1,32,92,7,35,0.71,104,26,16,0,6,1,69
1,44,86,7,41,0.87,87,26,21,2,7,2,77
1,68,93,9,48,1.17,50,28,20,5,1,2,88
0,32,40,4,23,0.73,46,24,20,1,0,1,90
1,52,104,5,28,0.7,86,28,19,2,4,1,79
2,65,191,8,56,0.84,74,30,22,2,7,1,69
2,77,194,9,81,1.11,46,28,21,2,4,1,80
2,78,178,11,67,0.97,88,27,19,2,5,0,67
